Workbook

Sheet Planilha1
A1: SKU | B1: Preço Foco Considerando Rebate | F1: AMAZON | G1: ARMAZÉM PARAIBA | H1: B2W | I1: CAMICADO | J1: CARREFOUR | K1: VIA | L1: COLOMBO | M1: CYBELAR | N1: IMPÉRIO DOS MÓVEIS | O1: LEROY MERLIN | P1: LOJA MADESA | Q1: LOJAS MM | R1: MAGALU | S1: MELI PREMIUM | T1: MELI CLASSICO | U1: MELI FG BRASIL | V1: KOERICH | W1: RIACHUELO | X1: SICREDI | Y1: WHIRLPOOL | Z1: ZEMA | AA1: MELI SP ITAPEVI PREMIUM | AB1: MELI SP ITAPEVI CLÁSSICO | AC1: MELI PE PREMIUM | AD1: MELI PE CLÁSSICO | AE1: QUERO-QUERO | AF1: MADEIRA MADEIRA
A2: 044745ZXTLIB | B2: 519.98 | C2: 397.5884 | D2: =B2/C2-1 -> 0.30783494 | E2: =ROUNDUP(B2+10,-1)-0.01 -> 529.99 | F2: 529.99 | H2: 529.99 | I2: 529.99 | J2: 529.99 | L2: 529.99 | M2: 529.99 | O2: 529.99 | R2: 529.99 | W2: 529.99 | X2: 529.99 | Y2: 529.99 | Z2: 529.99 | AE2: 529.99 | AF2: =ROUNDUP(AE2+10,-1)-0.01 -> 539.99
A3: 044805ZXTFLH | B3: 879.96 | C3: 686.9943 | D3: =B3/C3-1 -> 0.28088399 | E3: =ROUNDUP(B3+10,-1)-0.01 -> 889.99 | F3: 889.99 | G3: 889.99 | H3: 889.99 | I3: 889.99 | J3: 889.99 | K3: 889.99 | L3: 889.99 | M3: 889.99 | N3: 889.99 | Q3: 889.99 | R3: 889.99 | W3: 889.99 | X3: 889.99 | Y3: 889.99 | Z3: 889.99 | AE3: 889.99 | AF3: =ROUNDUP(AE3+10,-1)-0.01 -> 899.99
A4: 044825ZXTFBM | B4: 729.96 | C4: 562.7779 | D4: =B4/C4-1 -> 0.29706586 | E4: =ROUNDUP(B4+10,-1)-0.01 -> 739.99 | F4: 739.99 | H4: 739.99 | I4: 739.99 | J4: 739.99 | K4: 739.99 | L4: 739.99 | M4: 739.99 | O4: 739.99 | P4: 739.9 | Q4: 739.99 | R4: 739.99 | X4: 739.99 | Y4: 739.99 | Z4: 739.99 | AE4: 739.99 | AF4: =ROUNDUP(AE4+10,-1)-0.01 -> 749.99
A5: 044825ZXTFLH | B5: 739.91 | C5: 562.7779 | D5: =B5/C5-1 -> 0.31474601 | E5: =ROUNDUP(B5+10,-1)-0.01 -> 749.99 | F5: 749.99 | H5: 749.99 | I5: 749.99 | J5: 749.99 | K5: 749.99 | L5: 749.99 | M5: 749.99 | O5: 749.99 | P5: 749.9 | Q5: 749.99 | R5: 749.99 | X5: 749.99 | Y5: 749.99 | Z5: 749.99 | AE5: 749.99 | AF5: =ROUNDUP(AE5+10,-1)-0.01 -> 759.99
A6: 044915ZXTPER | B6: 559.91 | C6: 427.7378 | D6: =B6/C6-1 -> 0.30900285 | E6: =ROUNDUP(B6+10,-1)-0.01 -> 569.99 | F6: 569.99 | H6: 569.99 | I6: 569.99 | J6: 569.99 | K6: 569.99 | L6: 569.99 | M6: 569.99 | O6: 569.99 | Q6: 569.99 | W6: 569.99 | X6: 569.99 | Y6: 569.99 | Z6: 569.99 | AE6: 569.99 | AF6: =ROUNDUP(AE6+10,-1)-0.01 -> 579.99
A7: 1060094RFCT | B7: 4539.97 | C7: 3743.2889 | D7: =B7/C7-1 -> 0.21282918 | E7: =ROUNDUP(B7+10,-1)-0.01 -> 4549.99 | F7: 4549.99 | G7: 4549.99 | H7: 4549.99 | I7: 4549.99 | K7: 4549.99 | L7: 4549.99 | M7: 4549.99 | N7: 4549.99 | P7: 4549.9 | Q7: 4549.99 | R7: 4549.99 | V7: 4549.99 | W7: 4549.99 | X7: 4549.99 | Y7: 4549.99 | Z7: 4549.99 | AA7: 4549.99 | AB7: 4549.99 | AC7: 4549.99 | AD7: 4549.99 | AE7: 4549.99 | AF7: =ROUNDUP(AE7+10,-1)-0.01 -> 4559.99
A8: 1082093E | B8: 1699.97 | C8: 1373.5417 | D8: =B8/C8-1 -> 0.23765445 | E8: =ROUNDUP(B8+10,-1)-0.01 -> 1709.99 | F8: 1719.99 | G8: 1719.99 | H8: 1719.99 | I8: 1719.99 | J8: 1719.99 | K8: 1719.99 | L8: 1719.99 | M8: 1719.99 | P8: 1719.9 | Q8: 1719.99 | R8: 1719.99 | V8: 1719.99 | W8: 1719.99 | X8: 1719.99 | Y8: 1719.99 | Z8: 1719.99 | AE8: 1719.99 | AF8: 1719.99
A9: 10935Z | B9: 799.96 | C9: 628.1343 | D9: =B9/C9-1 -> 0.2735493 | E9: =ROUNDUP(B9+10,-1)-0.01 -> 809.99 | F9: 819.99 | H9: 819.99 | I9: 819.99 | J9: 819.99 | K9: 819.99 | L9: 819.99 | M9: 819.99 | O9: 819.99 | P9: 819.9 | Q9: 819.99 | R9: 819.99 | S9: 819.99 | T9: 819.99 | V9: 819.99 | W9: 819.99 | X9: 819.99 | Y9: 819.99 | Z9: 819.99 | AE9: 819.99 | AF9: 819.99
A10: 10938N3E4G | B10: 1479.97 | C10: 1198.5095 | D10: =B10/C10-1 -> 0.23484211 | E10: =ROUNDUP(B10+10,-1)-0.01 -> 1489.99 | F10: 1489.99 | H10: 1489.99 | I10: 1489.99 | J10: 1489.99 | L10: 1489.99 | M10: 1489.99 | N10: 1489.99 | P10: 1489.9 | R10: 1489.99 | V10: 1489.99 | W10: 1489.99 | X10: 1489.99 | Y10: 1489.99 | Z10: 1489.99 | AE10: 1489.99 | AF10: =ROUNDUP(AE10+10,-1)-0.01 -> 1499.99
A11: 1094091ECP | B11: 839.91 | C11: 648.1358 | D11: =B11/C11-1 -> 0.29588583 | E11: =ROUNDUP(B11+10,-1)-0.01 -> 849.99 | F11: 849.99 | H11: 849.99 | I11: 849.99 | J11: 849.99 | L11: 849.99 | M11: 849.99 | P11: 849.9 | R11: 849.99 | V11: 849.99 | W11: 849.99 | X11: 849.99 | Y11: 849.99 | Z11: 849.99 | AE11: 849.99 | AF11: =ROUNDUP(AE11+10,-1)-0.01 -> 859.99
A12: 1094092E2G | B12: 1029.97 | C12: 831.7681 | D12: =B12/C12-1 -> 0.23828986 | E12: =ROUNDUP(B12+10,-1)-0.01 -> 1039.99 | F12: 1039.99 | H12: 1039.99 | I12: 1039.99 | J12: 1039.99 | L12: 1039.99 | M12: 1039.99 | P12: 1039.9 | V12: 1039.99 | W12: 1039.99 | X12: 1039.99 | Y12: 1039.99 | Z12: 1039.99 | AE12: 1039.99 | AF12: =ROUNDUP(AE12+10,-1)-0.01 -> 1049.99
A13: 10948N2E4G | B13: 1169.97 | C13: 922.0637 | D13: =B13/C13-1 -> 0.26886028 | E13: =ROUNDUP(B13+10,-1)-0.01 -> 1179.99 | F13: 1179.99 | G13: 1179.99 | H13: 1179.99 | I13: 1179.99 | J13: 1179.99 | K13: 1179.99 | L13: 1179.99 | M13: 1179.99 | N13: 1179.99 | O13: 1179.99 | P13: 1179.9 | Q13: 1179.99 | R13: 1179.99 | V13: 1179.99 | W13: 1179.99 | X13: 1179.99 | Y13: 1179.99 | Z13: 1179.99 | AE13: 1179.99 | AF13: =ROUNDUP(AE13+10,-1)-0.01 -> 1189.99
A14: 1097091E | B14: 979.91 | C14: 756.5254 | D14: =B14/C14-1 -> 0.29527707 | E14: =ROUNDUP(B14+10,-1)-0.01 -> 989.99 | F14: 989.99 | H14: 989.99 | I14: 989.99 | J14: 989.99 | K14: 989.99 | L14: 989.99 | M14: 989.99 | N14: 989.99 | P14: 989.9 | Q14: 989.99 | R14: 989.99 | T14: 989.99 | V14: 989.99 | W14: 989.99 | X14: 989.99 | Y14: 989.99 | Z14: 989.99 | AA14: 989.99 | AC14: 989.99 | AE14: 989.99 | AF14: =ROUNDUP(AE14+10,-1)-0.01 -> 999.99
A15: 10978N2E | B15: 1119.97 | C15: 876.0875 | D15: =B15/C15-1 -> 0.27837687 | E15: =ROUNDUP(B15+10,-1)-0.01 -> 1129.99 | F15: 1129.99 | G15: 1129.99 | H15: 1129.99 | I15: 1129.99 | J15: 1129.99 | K15: 1129.99 | L15: 1129.99 | M15: 1129.99 | N15: 1129.99 | O15: 1129.99 | P15: 1129.9 | Q15: 1129.99 | R15: 1129.99 | T15: 1129.99 | V15: 1129.99 | W15: 1129.99 | X15: 1129.99 | Y15: 1129.99 | Z15: 1129.99 | AA15: 1129.99 | AC15: 1129.99 | AE15: 1129.99 | AF15: =ROUNDUP(AE15+10,-1)-0.01 -> 1139.99
A16: 12487K | B16: 389.91 | C16: 294.4744 | D16: =B16/C16-1 -> 0.32408793 | E16: =ROUNDUP(B16+10,-1)-0.01 -> 399.99 | F16: 399.99 | G16: 399.99 | H16: 399.99 | J16: 399.99 | L16: 399.99 | P16: 399.9 | V16: 399.99 | W16: 399.99 | AA16: 399.99
A17: 16695Z2 | B17: 979.98 | C17: 725.2315 | D17: =B17/C17-1 -> 0.35126508 | E17: =ROUNDUP(B17+10,-1)-0.01 -> 989.99 | F17: 989.99 | H17: 989.99 | I17: 989.99 | K17: 989.99 | L17: 989.99 | M17: 989.99 | O17: 989.99 | P17: 989.9 | R17: 989.99 | S17: 989.99 | T17: 989.99 | V17: 989.99 | W17: 989.99 | X17: 989.99 | Y17: 989.99 | Z17: 989.99 | AE17: 989.99 | AF17: =ROUNDUP(AE17+10,-1)-0.01 -> 999.99
A18: 42545Z2TSIMK | B18: 449.98 | C18: 340.189 | D18: =B18/C18-1 -> 0.3227353 | E18: =ROUNDUP(B18+10,-1)-0.01 -> 459.99 | F18: 459.99 | G18: 459.99 | H18: 459.99 | I18: 459.99 | K18: 459.99 | L18: 459.99 | M18: 459.99 | N18: 459.99 | O18: 459.99 | P18: 459.9 | Q18: 459.99 | R18: 459.99 | S18: 459.99 | T18: 459.99 | W18: 459.99 | X18: 459.99 | Y18: 459.99 | Z18: 459.99 | AA18: 459.99 | AB18: 459.99 | AE18: 459.99
A19: 42555Z2TSIMK | B19: 369.98 | C19: 272.8706 | D19: =B19/C19-1 -> 0.35588077 | E19: =ROUNDUP(B19+10,-1)-0.01 -> 379.99 | H19: 379.99 | P19: 379.9
A20: 42805Z4XPE | B20: 379.91 | C20: 283.6616 | D20: =B20/C20-1 -> 0.33930712 | E20: =ROUNDUP(B20+10,-1)-0.01 -> 389.99 | L20: 389.99
A21: 42805Z4XPT | B21: 379.96 | C21: 283.6616 | D21: =B21/C21-1 -> 0.33948338 | E21: =ROUNDUP(B21+10,-1)-0.01 -> 389.99 | L21: 389.99
A22: 42905Z6XTFBM | B22: 499.98 | C22: 379.7124 | D22: =B22/C22-1 -> 0.3167334 | E22: =ROUNDUP(B22+10,-1)-0.01 -> 509.99 | F22: 519.99 | H22: 519.99 | I22: 519.99 | K22: 519.99 | L22: 519.99 | M22: 519.99 | N22: 519.99 | O22: 519.99 | P22: 519.9 | Q22: 519.99 | R22: 519.99 | S22: 519.99 | T22: 519.99 | W22: 519.99 | X22: 519.99 | Y22: 519.99 | Z22: 519.99 | AA22: 519.99 | AB22: 519.99
A23: 42905Z6XTLIB | B23: 499.98 | C23: 379.7124 | D23: =B23/C23-1 -> 0.3167334 | E23: =ROUNDUP(B23+10,-1)-0.01 -> 509.99 | F23: 519.99 | H23: 519.99 | I23: 519.99 | K23: 519.99 | L23: 519.99 | M23: 519.99 | N23: 519.99 | O23: 519.99 | P23: 519.9 | Q23: 519.99 | R23: 519.99 | S23: 519.99 | T23: 519.99 | W23: 519.99 | X23: 519.99 | Y23: 519.99 | Z23: 519.99 | AA23: 519.99 | AB23: 519.99
A24: 42905Z6XTPER | B24: 499.91 | C24: 379.7124 | D24: =B24/C24-1 -> 0.31654905 | E24: =ROUNDUP(B24+10,-1)-0.01 -> 509.99 | F24: 519.99 | H24: 519.99 | I24: 519.99 | K24: 519.99 | L24: 519.99 | M24: 519.99 | N24: 519.99 | O24: 519.99 | P24: 519.9 | Q24: 519.99 | R24: 519.99 | S24: 519.99 | T24: 519.99 | W24: 519.99 | X24: 519.99 | Y24: 519.99 | Z24: 519.99 | AA24: 519.99 | AB24: 519.99
A25: 42917G4XTPER | B25: 339.91 | C25: 257.2836 | D25: =B25/C25-1 -> 0.32114911 | E25: =ROUNDUP(B25+10,-1)-0.01 -> 349.99 | L25: 349.99
A26: 42917K6XTPT | B26: 499.96 | C26: 381.5436 | D26: =B26/C26-1 -> 0.31036138 | E26: =ROUNDUP(B26+10,-1)-0.01 -> 509.99 | F26: 519.99 | H26: 519.99 | I26: 519.99 | K26: 519.99 | L26: 519.99 | M26: 519.99 | N26: 519.99 | O26: 519.99 | P26: 519.9 | Q26: 519.99 | R26: 519.99 | S26: 519.99 | T26: 519.99 | W26: 519.99 | X26: 519.99 | Y26: 519.99 | Z26: 519.99 | AA26: 519.99 | AB26: 519.99
A27: GCGM40900109 | B27: 2679.97 | C27: 2179.1389 | D27: =B27/C27-1 -> 0.22982982 | E27: =ROUNDUP(B27+10,-1)-0.01 -> 2689.99 | F27: 2689.99 | H27: 2689.99 | I27: 2689.99 | J27: 2689.99 | K27: 2689.99 | M27: 2689.99 | N27: 2689.99 | P27: 2689.9 | R27: 2689.99 | S27: 2689.99 | T27: 2689.99 | W27: 2689.99 | X27: 2689.99 | Y27: 2689.99 | Z27: 2689.99 | AE27: 2689.99
A28: GRAG270003F9 | B28: 2169.97 | C28: 1700.9232 | D28: =B28/C28-1 -> 0.27576013 | E28: =ROUNDUP(B28+10,-1)-0.01 -> 2179.99 | F28: 2179.99 | H28: 2179.99 | I28: 2179.99 | J28: 2179.99 | K28: 2179.99 | L28: 2179.99 | M28: 2179.99 | N28: 2179.99 | P28: 2179.9 | Q28: 2179.99 | R28: 2179.99 | S28: 2179.99 | T28: 2179.99 | W28: 2179.99 | X28: 2179.99 | Y28: 2179.99 | Z28: 2179.99 | AE28: 2179.99
A29: GREM1370037K | B29: 879.96 | C29: 687.9753 | D29: =B29/C29-1 -> 0.27905755 | E29: =ROUNDUP(B29+10,-1)-0.01 -> 889.99 | F29: 889.99 | G29: 889.99 | H29: 889.99 | I29: 889.99 | J29: 889.99 | K29: 889.99 | L29: 889.99 | M29: 889.99 | N29: 889.99 | P29: 889.9 | Q29: 889.99 | R29: 889.99 | S29: 889.99 | T29: 889.99 | W29: 889.99 | X29: 889.99 | Y29: 889.99 | Z29: 889.99 | AA29: 889.99 | AC29: 889.99 | AD29: 889.99 | AE29: 889.99
A30: GREM2930037K | B30: 1499.91 | C30: 1204.7552 | D30: =B30/C30-1 -> 0.24499151 | E30: =ROUNDUP(B30+10,-1)-0.01 -> 1509.99 | F30: 1519.99 | H30: 1519.99 | I30: 1519.99 | J30: 1519.99 | K30: 1519.99 | L30: 1519.99 | M30: 1519.99 | N30: 1519.99 | Q30: 1519.99 | R30: 1519.99 | S30: 1519.99 | T30: 1519.99 | U30: 1519.99 | W30: 1519.99 | X30: 1519.99 | Y30: 1519.99 | Z30: 1519.99 | AE30: 1519.99
A31: GRNC1200013B | B31: 809.91 | C31: 627.2841 | D31: =B31/C31-1 -> 0.29113746 | E31: =ROUNDUP(B31+10,-1)-0.01 -> 819.99 | F31: 819.99 | G31: 819.99 | H31: 819.99 | I31: 819.99 | J31: 819.99 | K31: 819.99 | L31: 819.99 | M31: 819.99 | N31: 819.99 | O31: 819.99 | P31: 819.9 | Q31: 819.99 | S31: 819.99 | T31: 819.99 | U31: 819.99 | W31: 819.99 | X31: 819.99 | Y31: 819.99
A32: GRNC2400043B | B32: 1399.97 | C32: 1116.6396 | D32: =B32/C32-1 -> 0.25373487 | E32: =ROUNDUP(B32+10,-1)-0.01 -> 1409.99 | J32: 1419.99 | S32: 1419.99 | T32: 1419.99
A33: GRNC2400053B | B33: 1399.96 | C33: 1122.5365 | D33: =B33/C33-1 -> 0.24713985 | E33: =ROUNDUP(B33+10,-1)-0.01 -> 1409.99 | J33: 1419.99 | L33: 1419.99 | S33: 1419.99 | T33: 1419.99 | W33: 1419.99 | Z33: 1419.99
A34: GRNC2600133B | B34: 1479.97 | C34: 1200.635 | D34: =B34/C34-1 -> 0.23265605 | E34: =ROUNDUP(B34+10,-1)-0.01 -> 1489.99 | J34: 1489.99 | L34: 1489.99 | S34: 1489.99 | T34: 1489.99
A35: GRNC3000093B | B35: 1859.97 | C35: 1478.7812 | D35: =B35/C35-1 -> 0.25777228 | E35: =ROUNDUP(B35+10,-1)-0.01 -> 1869.99 | J35: 1869.99 | S35: 1869.99 | T35: 1869.99 | Z35: 1869.99
A36: GRRM25000109 | B36: 1599.96 | C36: 1295.5958 | D36: =B36/C36-1 -> 0.23492219 | E36: =ROUNDUP(B36+10,-1)-0.01 -> 1609.99 | F36: 1619.99 | H36: 1619.99 | I36: 1619.99 | J36: 1619.99 | K36: 1619.99 | L36: 1619.99 | M36: 1619.99 | P36: 1619.9 | R36: 1619.99 | T36: 1619.99 | W36: 1619.99 | X36: 1619.99 | Y36: 1619.99 | Z36: 1619.99 | AE36: 1619.99
A37: MDJA0200015ZPER | B37: 369.96 | C37: 283.2474 | D37: =B37/C37-1 -> 0.30613732 | E37: =ROUNDUP(B37+10,-1)-0.01 -> 379.99 | W37: 379.99
A38: MDJA0200015ZPT | B38: 369.96 | C38: 283.2474 | D38: =B38/C38-1 -> 0.30613732 | E38: =ROUNDUP(B38+10,-1)-0.01 -> 379.99 | W38: 379.99
A39: MDJA0400505ZPT | B39: 619.96 | C39: 494.642 | D39: =B39/C39-1 -> 0.25335091 | E39: =ROUNDUP(B39+10,-1)-0.01 -> 629.99 | F39: 629.99 | H39: 629.99 | I39: 629.99 | J39: 629.99 | K39: 629.99 | L39: 629.99 | M39: 629.99 | Q39: 629.99 | R39: 629.99 | W39: 629.99 | X39: 629.99 | Y39: 629.99 | Z39: 629.99 | AE39: 629.99 | AF39: =ROUNDUP(AE39+10,-1)-0.01 -> 639.99
A40: MDJA0400885ZFBM | B40: 519.98 | C40: 397.5884 | D40: =B40/C40-1 -> 0.30783494 | E40: =ROUNDUP(B40+10,-1)-0.01 -> 529.99 | F40: 529.99 | H40: 529.99 | I40: 529.99 | J40: 529.99 | K40: 529.99 | L40: 529.99 | M40: 529.99 | O40: 529.99 | Q40: 529.99 | R40: 529.99 | W40: 529.99 | X40: 529.99 | Y40: 529.99 | Z40: 529.99 | AE40: 529.99 | AF40: =ROUNDUP(AE40+10,-1)-0.01 -> 539.99
A41: MDJA0400885ZFLH | B41: 519.97 | C41: 397.5884 | D41: =B41/C41-1 -> 0.30780979 | E41: =ROUNDUP(B41+10,-1)-0.01 -> 529.99 | F41: 529.99 | H41: 529.99 | I41: 529.99 | J41: 529.99 | K41: 529.99 | L41: 529.99 | M41: 529.99 | O41: 529.99 | Q41: 529.99 | R41: 529.99 | W41: 529.99 | X41: 529.99 | Y41: 529.99 | Z41: 529.99 | AE41: 529.99 | AF41: =ROUNDUP(AE41+10,-1)-0.01 -> 539.99
A42: MDJA0401377GSIM | B42: 959.97 | C42: 765.2454 | D42: =B42/C42-1 -> 0.25446033 | E42: =ROUNDUP(B42+10,-1)-0.01 -> 969.99 | F42: 969.99 | H42: 969.99 | I42: 969.99 | J42: 969.99 | K42: 969.99 | L42: 969.99 | M42: 969.99 | P42: 969.9 | Q42: 969.99 | R42: 969.99 | W42: 969.99 | X42: 969.99 | Y42: 969.99 | Z42: 969.99 | AE42: 969.99 | AF42: =ROUNDUP(AE42+10,-1)-0.01 -> 979.99
A43: MDJA040137F9SIL | B43: 959.97 | C43: 765.2454 | D43: =B43/C43-1 -> 0.25446033 | E43: =ROUNDUP(B43+10,-1)-0.01 -> 969.99 | F43: 969.99 | G43: 969.99 | H43: 969.99 | I43: 969.99 | J43: 969.99 | K43: 969.99 | L43: 969.99 | M43: 969.99 | P43: 969.9 | Q43: 969.99 | R43: 969.99 | W43: 969.99 | X43: 969.99 | Y43: 969.99 | Z43: 969.99 | AE43: 969.99 | AF43: =ROUNDUP(AE43+10,-1)-0.01 -> 979.99
A44: MDJA040157F9FLH | B44: 519.96 | C44: 400.0954 | D44: =B44/C44-1 -> 0.29959005 | E44: =ROUNDUP(B44+10,-1)-0.01 -> 529.99 | F44: 529.99 | H44: 529.99 | I44: 529.99 | J44: 529.99 | K44: 529.99 | L44: 529.99 | M44: 529.99 | O44: 529.99 | Q44: 529.99 | R44: 529.99 | W44: 529.99 | X44: 529.99 | Y44: 529.99 | Z44: 529.99 | AA44: 529.99 | AE44: 529.99 | AF44: =ROUNDUP(AE44+10,-1)-0.01 -> 539.99
A45: MDJA0401627KPT | B45: 529.91 | C45: 400.575 | D45: =B45/C45-1 -> 0.32287337 | E45: =ROUNDUP(B45+10,-1)-0.01 -> 539.99 | F45: 539.99 | H45: 539.99 | I45: 539.99 | J45: 539.99 | K45: 539.99 | L45: 539.99 | M45: 539.99 | O45: 539.99 | P45: 539.9 | Q45: 539.99 | R45: 539.99 | W45: 539.99 | X45: 539.99 | Y45: 539.99 | Z45: 539.99 | AA45: 539.99 | AB45: 539.99 | AE45: 539.99 | AF45: =ROUNDUP(AE45+10,-1)-0.01 -> 549.99
A46: MDJA060017D8PT | B46: 729.96 | C46: 584.0329 | D46: =B46/C46-1 -> 0.2498611 | E46: =ROUNDUP(B46+10,-1)-0.01 -> 739.99 | T46: 739.99
A47: MDJA0600437GPER | B47: 879.96 | C47: 688.8255 | D47: =B47/C47-1 -> 0.27747884 | E47: =ROUNDUP(B47+10,-1)-0.01 -> 889.99 | F47: 889.99 | G47: 889.99 | H47: 889.99 | I47: 889.99 | J47: 889.99 | K47: 889.99 | L47: 889.99 | M47: 889.99 | N47: 889.99 | Q47: 889.99 | R47: 889.99 | W47: 889.99 | X47: 889.99 | Y47: 889.99 | Z47: 889.99 | AE47: 889.99 | AF47: =ROUNDUP(AE47+10,-1)-0.01 -> 899.99
A48: MDJA060135F9SIL | B48: 1549.96 | C48: 1240.2129 | D48: =B48/C48-1 -> 0.24975317 | E48: =ROUNDUP(B48+10,-1)-0.01 -> 1559.99 | F48: 1559.99 | H48: 1559.99 | I48: 1559.99 | J48: 1559.99 | K48: 1559.99 | L48: 1559.99 | M48: 1559.99 | N48: 1559.99 | P48: 1559.9 | Q48: 1559.99 | R48: 1559.99 | W48: 1559.99 | X48: 1559.99 | Y48: 1559.99 | Z48: 1559.99 | AE48: 1559.99 | AF48: =ROUNDUP(AE48+10,-1)-0.01 -> 1569.99
A49: MDJA0800047KPT | B49: 1139.96 | C49: 887.9685 | D49: =B49/C49-1 -> 0.28378428 | E49: =ROUNDUP(B49+10,-1)-0.01 -> 1149.99 | F49: 1149.99 | G49: 1149.99 | H49: 1149.99 | I49: 1149.99 | J49: 1149.99 | K49: 1149.99 | L49: 1149.99 | M49: 1149.99 | O49: 1149.99 | Q49: 1149.99 | R49: 1149.99 | W49: 1149.99 | X49: 1149.99 | Y49: 1149.99 | Z49: 1149.99 | AE49: 1149.99 | AF49: =ROUNDUP(AE49+10,-1)-0.01 -> 1159.99
A50: XAGCEM2930047K | B50: 1329.96 | C50: 1076.4949 | D50: =B50/C50-1 -> 0.23545406 | E50: =ROUNDUP(B50+10,-1)-0.01 -> 1339.99 | I50: 1339.99 | J50: 1339.99 | K50: 1339.99 | L50: 1339.99 | N50: 1339.99 | P50: 1339.9 | Q50: 1339.99 | W50: 1339.99 | Z50: 1339.99 | AE50: 1339.99
A51: XAGREM1690037K | B51: 979.96 | C51: 775.0772 | D51: =B51/C51-1 -> 0.26433857 | E51: =ROUNDUP(B51+10,-1)-0.01 -> 989.99 | F51: 989.99 | H51: 989.99 | I51: 989.99 | J51: 989.99 | K51: 989.99 | L51: 989.99 | N51: 989.99 | P51: 989.9 | Q51: 989.99 | R51: 989.99 | S51: 989.99 | T51: 989.99 | W51: 989.99 | Z51: 989.99 | AE51: 989.99
A52: XAMDFC0200019B | B52: 449.98 | C52: 343.9059 | D52: =B52/C52-1 -> 0.30843931 | E52: =ROUNDUP(B52+10,-1)-0.01 -> 459.99 | I52: 459.99 | J52: 459.99 | L52: 459.99 | Q52: 459.99 | R52: 459.99 | T52: 459.99 | W52: 459.99 | Z52: 459.99 | AE52: 459.99
A53: XB70035Z1 | B53: 459.96 | C53: 362.3705 | D53: =B53/C53-1 -> 0.26930862 | E53: =ROUNDUP(B53+10,-1)-0.01 -> 469.99 | F53: 469.99 | H53: 469.99 | J53: 469.99 | K53: 469.99 | L53: 469.99 | M53: 469.99 | P53: 469.9 | Q53: 469.99 | R53: 469.99 | S53: 469.99 | T53: 469.99 | X53: 469.99 | Y53: 469.99

Sheet VIA
A1: Cód. Madesa | B1: Link | C1: Descrição | E1: 45964
A2: MDMU01000349 | B2: https://www.casasbahia.com.br/armario-gabinete-para-banheiro-80cm-2-portas-branco-madesa-branco/p/1564878896?utm_medium=Cpc&utm_source=google_freelisting&IdSku=1564878896&idLojista=11121&tipoLojista=3P&srsltid=AfmBOop_Bp4rltAP2-gQwn484FHi69XwNGSxAObZCtMIGeFTtP0MEbLHkVM | C2: Armário Gabinete para Banheiro 80cm 2 Portas Branco Madesa | D2: NEGOCIAÇÃO | E2: A prazo | F2: A vista | H2: Frete | I2: Prazo | J2: Comissão
A3: MDFC0100096E | B3: https://www.casasbahia.com.br/escrivaninha-em-l-mesa-para-computador-gamer-3-gavetas-branco-rustic-lisboa-madesa/p/1571532198?utm_source=google_freelisting&utm_medium=Cpc | C3: Escrivaninha Em L Mesa Para Computador Gamer 3 Gavetas Branco/Rustic Lisboa Madesa | D3: WEB - VIA | E3: 479.96 | F3: 422.36 | G3: =((E3-F3)/E3) -> 0.12001 | H3: 49.9 | I3: 7 | J3: =IF(SUMIFS(Negociados!C:C,Negociados!B:B,E3,Negociados!A:A,A2,Negociados!D:D,"<="&$E$1,Negociados!E:E,">="&$E$1),SUMIFS(Negociados!C:C,Negociados!B:B,E3,Negociados!A:A,A2,Negociados!D:D,"<="&$E$1,Negociados!E:E,">="&$E$1),19%) -> 0.08
A4: GRGT2350027K | B4: https://www.casasbahia.com.br/armario-cozinha-compacta-235cm-rustic-preto-gourmet-02/p/1569919017?utm_source=google_freelisting&utm_medium=Cpc | C4: Armário de Cozinha Compacta 235cm Rustic/Preto Gourmet Madesa 02 | D4: WEB - VIA | E4: 679.96 | F4: 598.36 | G4: =((E4-F4)/E4) -> 0.12000706 | H4: 49.9 | I4: 7 | J4: =IF(SUMIFS(Negociados!C:C,Negociados!B:B,E4,Negociados!A:A,A3,Negociados!D:D,"<="&$E$1,Negociados!E:E,">="&$E$1),SUMIFS(Negociados!C:C,Negociados!B:B,E4,Negociados!A:A,A3,Negociados!D:D,"<="&$E$1,Negociados!E:E,">="&$E$1),19%) -> 0.19
A5: GREM2610027K | B5: https://www.casasbahia.com.br/armario-de-cozinha-completa-261cm-rustic-preto/p/1566169964?utm_source=google_freelisting&utm_medium=Cpc | C5: Armário de Cozinha Completa 261cm Rustic/Preto Emilly Madesa 02 | D5: WEB - VIA | E5: 679.96 | F5: 598.36 | G5: =((E5-F5)/E5) -> 0.12000706 | H5: 49.9 | I5: 7 | J5: =IF(SUMIFS(Negociados!C:C,Negociados!B:B,E5,Negociados!A:A,A4,Negociados!D:D,"<="&$E$1,Negociados!E:E,">="&$E$1),SUMIFS(Negociados!C:C,Negociados!B:B,E5,Negociados!A:A,A4,Negociados!D:D,"<="&$E$1,Negociados!E:E,">="&$E$1),19%) -> 0.19
A6: MDJA0401827KOXF | B6: https://www.casasbahia.com.br/conjunto-sala-de-jantar-mesa-tampo-de-vidro-4-cadeiras-rustic-preto/p/1567001547?utm_medium=Cpc&utm_source=google_freelisting&IdSku=1567001547&idLojista=11121&tipoLojista=3P&srsltid=AfmBOorlC1bYaDRK5uDza005nDBC8uI21-dmMoH71swN94p7EgNiSBKBw3k | C6: Conjunto Sala de Jantar Mesa Tampo de Vidro 4 Cadeiras Rustic/Preto Oxford Evelin Madesa Rustic/Preto/Oxford | D6: WEB - VIA | E6: 379.96 | F6: 334.36 | G6: =((E6-F6)/E6) -> 0.12001263 | H6: 39.9 | I6: 7 | J6: =IF(SUMIFS(Negociados!C:C,Negociados!B:B,E6,Negociados!A:A,A5,Negociados!D:D,"<="&$E$1,Negociados!E:E,">="&$E$1),SUMIFS(Negociados!C:C,Negociados!B:B,E6,Negociados!A:A,A5,Negociados!D:D,"<="&$E$1,Negociados!E:E,">="&$E$1),19%) -> 0.19
A7: 10936E1E | B7: https://www.casasbahia.com.br/guarda-roupa-casal-monaco-3-portas-correr-1-espelho-madesa/p/1572081299?utm_medium=Cpc&utm_source=google_freelisting&IdSku=1572081299&idLojista=11121&tipoLojista=3P&srsltid=AfmBOor3erSrcNCT6mk07zEjot-tuu2pyS8r2ao50DmqZaz4tkVeHFUXdTI | C7: Guarda Roupa Casal Madesa Mônaco 3 Portas de Correr com Espelho - Rustic/Branco | D7: WEB - VIA | E7: 379.96 | F7: 334.36 | G7: =((E7-F7)/E7) -> 0.12001263 | H7: 39.9 | I7: 7 | J7: =IF(SUMIFS(Negociados!C:C,Negociados!B:B,E7,Negociados!A:A,A6,Negociados!D:D,"<="&$E$1,Negociados!E:E,">="&$E$1),SUMIFS(Negociados!C:C,Negociados!B:B,E7,Negociados!A:A,A6,Negociados!D:D,"<="&$E$1,Negociados!E:E,">="&$E$1),19%) -> 0.19
A8: MDJA0400027KPT | B8: https://www.casasbahia.com.br/mesa-tampo-de-madeira-com-4-cadeiras-rustic-preto/p/1526215299 | C8: Conjunto Sala de Jantar Madesa Cali Mesa Tampo de Madeira com 4 Cadeiras - Rustic/Preto/SintPreto | D8: WEB - VIA | E8: 699.96 | F8: 615.96 | G8: =((E8-F8)/E8) -> 0.12000686 | H8: 49.9 | I8: 7 | J8: =IF(SUMIFS(Negociados!C:C,Negociados!B:B,E8,Negociados!A:A,A7,Negociados!D:D,"<="&$E$1,Negociados!E:E,">="&$E$1),SUMIFS(Negociados!C:C,Negociados!B:B,E8,Negociados!A:A,A7,Negociados!D:D,"<="&$E$1,Negociados!E:E,">="&$E$1),19%) -> 0.19
A9: GREM32500209 | B9: https://www.casasbahia.com.br/armario-de-cozinha-completa-325cm-branco-emilly-madesa-02/p/1571928014 | C9: Armário de Cozinha Completa 325cm Branco Emilly Madesa 02 | D9: WEB - VIA | E9: 699.96 | F9: 615.96 | G9: =((E9-F9)/E9) -> 0.12000686 | H9: 49.9 | I9: 7 | J9: =IF(SUMIFS(Negociados!C:C,Negociados!B:B,E9,Negociados!A:A,A8,Negociados!D:D,"<="&$E$1,Negociados!E:E,">="&$E$1),SUMIFS(Negociados!C:C,Negociados!B:B,E9,Negociados!A:A,A8,Negociados!D:D,"<="&$E$1,Negociados!E:E,">="&$E$1),19%) -> 0.17
A10: MDJA0600437GPER | B10: https://www.casasbahia.com.br/sala-de-jantar-ohana-mesa-tampo-de-madeira-6-cadeiras-madesa-1501278613/p/1501278613?utm_medium=Cpc&utm_source=google_freelisting&IdSku=1501278613&idLojista=11121&tipoLojista=3P&srsltid=AfmBOopJx5Hbs_f_qT77tGBgdxH1eif7fW1vm6ERd7Zbocyt_8c1mHt-RjI | C10: Conjunto Sala de Jantar Madesa Ohana Mesa Tampo de Madeira com 6 Cadeiras - Rustic/Crema/Pérola Rustic/Crema/Pérola | D10: WEB - VIA | E10: 699.96 | F10: 615.96 | G10: =((E10-F10)/E10) -> 0.12000686 | H10: 49.9 | I10: 8 | J10: =IF(SUMIFS(Negociados!C:C,Negociados!B:B,E10,Negociados!A:A,A9,Negociados!D:D,"<="&$E$1,Negociados!E:E,">="&$E$1),SUMIFS(Negociados!C:C,Negociados!B:B,E10,Negociados!A:A,A9,Negociados!D:D,"<="&$E$1,Negociados!E:E,">="&$E$1),19%) -> 0.19
A11: 044805ZXTFLH | B11: https://www.casasbahia.com.br/sala-de-jantar-megan-mesa-tampo-de-madeira-6-cadeiras-madesa/p/1501279445 | C11: Conjunto Sala de Jantar Madesa Megan Mesa Tampo de Madeira com 6 Cadeiras - Rustic/Hibiscos | D11: WEB - VIA | E11: 889.96 | F11: 783.16 | G11: =((E11-F11)/E11) -> 0.12000539 | H11: 49.9 | I11: 7 | J11: =IF(SUMIFS(Negociados!C:C,Negociados!B:B,E11,Negociados!A:A,A10,Negociados!D:D,"<="&$E$1,Negociados!E:E,">="&$E$1),SUMIFS(Negociados!C:C,Negociados!B:B,E11,Negociados!A:A,A10,Negociados!D:D,"<="&$E$1,Negociados!E:E,">="&$E$1),19%) -> 0.19
A12: 044825ZXTFBM | B12: https://www.casasbahia.com.br/sala-de-jantar-maris-mesa-tampo-de-madeira-6-cadeiras-madesa-1501351993/p/1501351993?utm_medium=Cpc&utm_source=google_freelisting&IdSku=1501351993&idLojista=11121&tipoLojista=3P&srsltid=AfmBOooWk1Lo9Bg22Wcgo-peZ3Fxf_QpC0DEarIv399IJe-3a1g__wU3hxg | C12: Conjunto Sala de Jantar Madesa Maris Mesa Tampo de Madeira com 6 Cadeiras Rustic/Bege Marrom | D12: WEB - VIA | E12: 499.96 | F12: 439.96 | G12: =((E12-F12)/E12) -> 0.1200096 | H12: 39.9 | I12: 7 | J12: =IF(SUMIFS(Negociados!C:C,Negociados!B:B,E12,Negociados!A:A,A11,Negociados!D:D,"<="&$E$1,Negociados!E:E,">="&$E$1),SUMIFS(Negociados!C:C,Negociados!B:B,E12,Negociados!A:A,A11,Negociados!D:D,"<="&$E$1,Negociados!E:E,">="&$E$1),19%) -> 0.19
A13: 044825ZXTFLH | B13: https://www.casasbahia.com.br/sala-de-jantar-maris-mesa-tampo-de-madeira-6-cadeiras-madesa-1501279499/p/1501279499?utm_medium=Cpc&utm_source=google_freelisting&IdSku=1501279499&idLojista=11121&tipoLojista=3P&srsltid=AfmBOor7bz7ZJI833QTJiZKIuZuToWWJzO0mAcNobRD2UkJSJTs1gQa9iUw | C13: Conjunto Sala de Jantar Madesa Maris Mesa Tampo de Madeira com 6 Cadeiras - Rustic/Hibiscos Rustic/Floral Hibiscos | D13: WEB - VIA | E13: 399.96 | F13: 351.96 | G13: =((E13-F13)/E13) -> 0.120012 | H13: 39.9 | I13: 7 | J13: =IF(SUMIFS(Negociados!C:C,Negociados!B:B,E13,Negociados!A:A,A12,Negociados!D:D,"<="&$E$1,Negociados!E:E,">="&$E$1),SUMIFS(Negociados!C:C,Negociados!B:B,E13,Negociados!A:A,A12,Negociados!D:D,"<="&$E$1,Negociados!E:E,">="&$E$1),19%) -> 0.19
A14: MDJA0200015ZPER | B14: https://www.casasbahia.com.br/sala-de-jantar-gabi-mesa-tampo-de-madeira-2-cadeiras-madesa/p/1501458337 | C14: Conjunto Sala de Jantar Madesa Gabi Mesa Tampo de Madeira com 2 Cadeiras Rustic/Crema/Sintético Bege | D14: WEB - VIA | E14: 359.96 | F14: 316.76 | G14: =((E14-F14)/E14) -> 0.12001333 | H14: 39.99 | I14: 10 | J14: =IF(SUMIFS(Negociados!C:C,Negociados!B:B,E14,Negociados!A:A,A13,Negociados!D:D,"<="&$E$1,Negociados!E:E,">="&$E$1),SUMIFS(Negociados!C:C,Negociados!B:B,E14,Negociados!A:A,A13,Negociados!D:D,"<="&$E$1,Negociados!E:E,">="&$E$1),19%) -> 0.19
A15: MDJA0200015ZPT | B15: https://www.casasbahia.com.br/sala-de-jantar-gabi-mesa-tampo-de-madeira-2-cadeiras-madesa/p/1501279511 | C15: Conjunto Sala de Jantar Madesa Gabi Mesa Tampo de Madeira com 2 Cadeiras - Rustic/Preto/Sintético Preto Rustic/Preto/Sintético Preto | D15: WEB - VIA | E15: 339.96 | F15: 299.16 | G15: =((E15-F15)/E15) -> 0.12001412 | H15: 39.9 | I15: 7 | J15: =IF(SUMIFS(Negociados!C:C,Negociados!B:B,E15,Negociados!A:A,A14,Negociados!D:D,"<="&$E$1,Negociados!E:E,">="&$E$1),SUMIFS(Negociados!C:C,Negociados!B:B,E15,Negociados!A:A,A14,Negociados!D:D,"<="&$E$1,Negociados!E:E,">="&$E$1),19%) -> 0.19
A16: MDJA0400345ZPT | B16: https://www.casasbahia.com.br/sala-de-jantar-anita-mesa-tampo-de-vidro-4-cadeiras-madesa/p/1501269493 | C16: Conjunto Sala de Jantar Madesa Anita Mesa Tampo de Vidro com 4 Cadeiras - Rustic/Preto/Sintético Preto | D16: WEB - VIA | E16: 829.96 | F16: 730.36 | G16: =((E16-F16)/E16) -> 0.12000578 | H16: Grátis | I16: 7 | J16: =IF(SUMIFS(Negociados!C:C,Negociados!B:B,E16,Negociados!A:A,A15,Negociados!D:D,"<="&$E$1,Negociados!E:E,">="&$E$1),SUMIFS(Negociados!C:C,Negociados!B:B,E16,Negociados!A:A,A15,Negociados!D:D,"<="&$E$1,Negociados!E:E,">="&$E$1),19%) -> 0.19
A17: 045667GX4TFBM | B17: https://www.casasbahia.com.br/moveis/saladejantar/mesasecadeirasdejantar/kit-cintia-begemesa-tampo-de-madeira-4-cadeiras-madesa-1501005323.html?idsku=1501005323 | C17: Conjunto Sala de Jantar Madesa Cíntia Mesa Tampo de Madeira com 4 Cadeiras Rustic/Crema/Bege Marrom | D17: WEB - VIA | E17: 799.96 | F17: 703.96 | G17: =((E17-F17)/E17) -> 0.120006 | H17: Grátis | I17: 7 | J17: =IF(SUMIFS(Negociados!C:C,Negociados!B:B,E17,Negociados!A:A,A16,Negociados!D:D,"<="&$E$1,Negociados!E:E,">="&$E$1),SUMIFS(Negociados!C:C,Negociados!B:B,E17,Negociados!A:A,A16,Negociados!D:D,"<="&$E$1,Negociados!E:E,">="&$E$1),19%) -> 0.19
A18: MDJA0600177KPT | B18: https://www.casasbahia.com.br/mesa-tampo-de-madeira-com-6-cadeiras-rustic-preto/p/1526289961 | C18: Conjunto Sala de Jantar Madesa Medelin Mesa Tampo de Madeira com 6 Cadeiras - Rustic/Preto/SintPreto Rustic/Preto/Sint Preto | D18: WEB - VIA | E18: 1759.96 | F18: 1548.76 | G18: =((E18-F18)/E18) -> 0.12000273 | H18: Grátis | I18: 7 | J18: =IF(SUMIFS(Negociados!C:C,Negociados!B:B,E18,Negociados!A:A,A17,Negociados!D:D,"<="&$E$1,Negociados!E:E,">="&$E$1),SUMIFS(Negociados!C:C,Negociados!B:B,E18,Negociados!A:A,A17,Negociados!D:D,"<="&$E$1,Negociados!E:E,">="&$E$1),19%) -> 0.19
A19: MDJA0600177GBE | B19: https://www.casasbahia.com.br/mesa-tampo-de-madeira-com-6-cadeiras-rustic-crema-bege-rustic-1526211812/p/1526211812?utm_medium=Cpc&utm_source=google_freelisting&IdSku=1526211812&idLojista=11121&tipoLojista=3P&srsltid=AfmBOoojKpBxR9Z9Fc0ynJSW5RqgegYNUOeq9jOwLNJNOwJcGKtCE5-auSw | C19: Conjunto Sala de Jantar Madesa Medelin Mesa Tampo de Madeira com 6 Cadeiras - Rustic/Crema/Bege Rustic/Crema/Sint Bege | D19: WEB - VIA | E19: 1169.96 | F19: 1029.56 | G19: =((E19-F19)/E19) -> 0.1200041 | H19: Grátis | I19: 7 | J19: =IF(SUMIFS(Negociados!C:C,Negociados!B:B,E19,Negociados!A:A,A18,Negociados!D:D,"<="&$E$1,Negociados!E:E,">="&$E$1),SUMIFS(Negociados!C:C,Negociados!B:B,E19,Negociados!A:A,A18,Negociados!D:D,"<="&$E$1,Negociados!E:E,">="&$E$1),19%) -> 0.19
A20: MDJA060017D8PT | B20: https://www.casasbahia.com.br/mesa-tampo-de-madeira-com-6-cadeiras-preto-rustic-preto/p/1526289474 | C20: Conjunto Sala de Jantar Madesa Medelin Mesa Tampo de Madeira com 6 Cadeiras - Preto/Rustic/SintPreto Preto/Rustic/Sint Preto | D20: WEB - VIA | E20: 539.96 | F20: 539.96 | G20: =((E20-F20)/E20) -> 0 | H20: 39.9 | I20: 7 | J20: =IF(SUMIFS(Negociados!C:C,Negociados!B:B,E20,Negociados!A:A,A19,Negociados!D:D,"<="&$E$1,Negociados!E:E,">="&$E$1),SUMIFS(Negociados!C:C,Negociados!B:B,E20,Negociados!A:A,A19,Negociados!D:D,"<="&$E$1,Negociados!E:E,">="&$E$1),19%) -> 0.19
A21: MDJA0601417KPT | B21: https://www.casasbahia.com.br/kit-sala-de-jantar-mesa-6-cadeiras-preto-augusta/p/1562516892 | C21: Conjunto Sala de Jantar Mesa Tampo de Madeira 6 Cadeiras Preto/Rustic Augusta Madesa | D21: WEB - VIA | E21: 554.99 | F21: 488.39 | G21: =((E21-F21)/E21) -> 0.12000216 | H21: 39.9 | I21: 7 | J21: =IF(SUMIFS(Negociados!C:C,Negociados!B:B,E21,Negociados!A:A,A20,Negociados!D:D,"<="&$E$1,Negociados!E:E,">="&$E$1),SUMIFS(Negociados!C:C,Negociados!B:B,E21,Negociados!A:A,A20,Negociados!D:D,"<="&$E$1,Negociados!E:E,">="&$E$1),19%) -> 0.19
A22: 42917K6XTPT | B22: https://www.casasbahia.com.br/kit-6-cadeiras-rustic-preto-madesa-4291/p/1500994267 | C22: Kit 6 Cadeiras de Jantar 4291 Madesa Rustic/Preto Rustic/Preto | D22: WEB - VIA | E22: 1669.96 | F22: 1469.56 | G22: =((E22-F22)/E22) -> 0.12000287 | H22: Grátis | I22: 10 | J22: =IF(SUMIFS(Negociados!C:C,Negociados!B:B,E22,Negociados!A:A,A21,Negociados!D:D,"<="&$E$1,Negociados!E:E,">="&$E$1),SUMIFS(Negociados!C:C,Negociados!B:B,E22,Negociados!A:A,A21,Negociados!D:D,"<="&$E$1,Negociados!E:E,">="&$E$1),19%) -> 0.19
A23: 42805Z4XPT | B23: https://www.casasbahia.com.br/kit-4-cadeiras-rustic-preto-madesa/p/1501992427 | C23: Kit 4 Cadeiras de Jantar 4280 Madesa Rustic/Preto Rustic/Preto | D23: WEB - VIA | E23: 1119.96 | F23: 985.56 | G23: =((E23-F23)/E23) -> 0.12000429 | H23: 59.9 | I23: 7 | J23: =IF(SUMIFS(Negociados!C:C,Negociados!B:B,E23,Negociados!A:A,A22,Negociados!D:D,"<="&$E$1,Negociados!E:E,">="&$E$1),SUMIFS(Negociados!C:C,Negociados!B:B,E23,Negociados!A:A,A22,Negociados!D:D,"<="&$E$1,Negociados!E:E,">="&$E$1),19%) -> 0.19
A24: 42917G4XTPER | B24: https://www.casasbahia.com.br/kit-4-cadeiras-perola-madesa-4291/p/1500994468 | C24: Kit 4 Cadeiras de Jantar 4291 Madesa Rustic/Crema/Pérola Rustic/Crema/Pérola | D24: WEB - VIA | E24: 499.96 | F24: 439.96 | G24: =((E24-F24)/E24) -> 0.1200096 | H24: 39.9 | I24: 7 | J24: =IF(SUMIFS(Negociados!C:C,Negociados!B:B,E24,Negociados!A:A,A23,Negociados!D:D,"<="&$E$1,Negociados!E:E,">="&$E$1),SUMIFS(Negociados!C:C,Negociados!B:B,E24,Negociados!A:A,A23,Negociados!D:D,"<="&$E$1,Negociados!E:E,">="&$E$1),19%) -> 0.19
A25: 42805Z4XPE | B25: https://www.casasbahia.com.br/kit-4-cadeiras-em-mdf-e-mdp-madesa/p/1501992396 | C25: Kit 4 Cadeiras 4280 Madesa Rustic/Crema/Sintético Bege | D25: WEB - VIA | E25: 559.96 | F25: 492.76 | G25: =((E25-F25)/E25) -> 0.12000857 | H25: 49.9 | I25: 7 | J25: =IF(SUMIFS(Negociados!C:C,Negociados!B:B,E25,Negociados!A:A,A24,Negociados!D:D,"<="&$E$1,Negociados!E:E,">="&$E$1),SUMIFS(Negociados!C:C,Negociados!B:B,E25,Negociados!A:A,A24,Negociados!D:D,"<="&$E$1,Negociados!E:E,">="&$E$1),19%) -> 0.19
A26: 42905Z4XTPT | B26: https://www.casasbahia.com.br/kit-4-cadeiras-4290-madesa-rustic-preto/p/1516415812 | C26: Kit 4 Cadeiras 4290 Madesa - Rustic/Preto Rustic/Preto | D26: WEB - VIA | E26: 469.96 | F26: 413.56 | G26: =((E26-F26)/E26) -> 0.12001021 | H26: 39.9 | I26: 7 | J26: =IF(SUMIFS(Negociados!C:C,Negociados!B:B,E26,Negociados!A:A,A25,Negociados!D:D,"<="&$E$1,Negociados!E:E,">="&$E$1),SUMIFS(Negociados!C:C,Negociados!B:B,E26,Negociados!A:A,A25,Negociados!D:D,"<="&$E$1,Negociados!E:E,">="&$E$1),19%) -> 0.19
A27: 1094091ECP | B27: https://www.casasbahia.com.br/guarda-roupa-solteiro-madesa-denver-2-portas-de-correr-com-espelho-com-pes/p/1501022927 | C27: Guarda-Roupa Solteiro Madesa Denver 2 Portas de Correr com Espelho com Pés Branco | D27: WEB - VIA | E27: - | F27: - | G27: =((E27-F27)/E27) -> #VALUE! | H27: - | I27: - | J27: =IF(SUMIFS(Negociados!C:C,Negociados!B:B,E27,Negociados!A:A,A26,Negociados!D:D,"<="&$E$1,Negociados!E:E,">="&$E$1),SUMIFS(Negociados!C:C,Negociados!B:B,E27,Negociados!A:A,A26,Negociados!D:D,"<="&$E$1,Negociados!E:E,">="&$E$1),19%) -> 0.19
A28: 10935Z | B28: https://www.casasbahia.com.br/guarda-roupa-casal-monaco-3-portas-de-correr-15426026/p/15426026?utm_medium=Cpc&utm_source=google_freelisting&IdSku=15426026&idLojista=11121&tipoLojista=3P&srsltid=AfmBOoqGvKMyMrg8xbGmz-iCL-UXZYCwNiAMCL7CXrQjpQFaoGPau6HHIZo | C28: Guarda-Roupa Casal Madesa Mônaco 3 Portas de Correr Rustic | D28: WEB - VIA | E28: 749.96 | F28: 659.96 | G28: =((E28-F28)/E28) -> 0.1200064 | H28: Grátis | I28: 7 | J28: =IF(SUMIFS(Negociados!C:C,Negociados!B:B,E28,Negociados!A:A,A27,Negociados!D:D,"<="&$E$1,Negociados!E:E,">="&$E$1),SUMIFS(Negociados!C:C,Negociados!B:B,E28,Negociados!A:A,A27,Negociados!D:D,"<="&$E$1,Negociados!E:E,">="&$E$1),19%) -> 0.19
A29: 106309 | B29: https://www.casasbahia.com.br/guarda-roupa-casal-100-mdf-royale-3-portas-de-correr/p/14252194 | C29: Guarda Roupa Casal 100% MDF Madesa Royale 3 Portas de Correr - Branco Branco | D29: WEB - VIA | E29: 1449.96 | F29: 1275.96 | G29: =((E29-F29)/E29) -> 0.12000331 | H29: Grátis | I29: 7 | J29: =IF(SUMIFS(Negociados!C:C,Negociados!B:B,E29,Negociados!A:A,A28,Negociados!D:D,"<="&$E$1,Negociados!E:E,">="&$E$1),SUMIFS(Negociados!C:C,Negociados!B:B,E29,Negociados!A:A,A28,Negociados!D:D,"<="&$E$1,Negociados!E:E,">="&$E$1),19%) -> 0.19
A30: GREM1370037K | B30: https://www.casasbahia.com.br/cozinha-madesa-armario-balcao-e-paneleiro-rustic-preto-1504288903/p/1504288903?utm_medium=comparadorpreco&utm_source=zoom&utm_content=1504288903&pid=zoom_int&c=zoomCPA&cm_mmc=zoom_XML-_-MOVE-_-Comparador-_-1504288903&idLojista=11121&tipoLojista=3P&utm_campaign=56f3b8423c5d4904b04d42fe12c5b9fb | C30: Armário de Cozinha Compacta 137cm Rustic/Preto Emilly Gold Madesa 03 | D30: WEB - VIA | E30: 899.96 | F30: 791.96 | G30: =((E30-F30)/E30) -> 0.12000533 | H30: Grátis | I30: 7 | J30: =IF(SUMIFS(Negociados!C:C,Negociados!B:B,E30,Negociados!A:A,A29,Negociados!D:D,"<="&$E$1,Negociados!E:E,">="&$E$1),SUMIFS(Negociados!C:C,Negociados!B:B,E30,Negociados!A:A,A29,Negociados!D:D,"<="&$E$1,Negociados!E:E,">="&$E$1),19%) -> 0.19
A31: GRRM25000109 | B31: https://www.casasbahia.com.br/cozinha-completa-reims-com-armario-e-balcao-branco-madesa/p/1505749224 | C31: Cozinha Completa Madesa Reims 250001 com Armário e Balcão - Branco | D31: WEB - VIA | E31: 1489.96 | F31: 1311.16 | G31: =((E31-F31)/E31) -> 0.12000322 | H31: Grátis | I31: 7 | J31: =IF(SUMIFS(Negociados!C:C,Negociados!B:B,E31,Negociados!A:A,A30,Negociados!D:D,"<="&$E$1,Negociados!E:E,">="&$E$1),SUMIFS(Negociados!C:C,Negociados!B:B,E31,Negociados!A:A,A30,Negociados!D:D,"<="&$E$1,Negociados!E:E,">="&$E$1),19%) -> 0.19
A32: GRRM240001D8 | B32: https://www.casasbahia.com.br/cozinha-completa-madesa-reims-240001-com-armario-e-balcao-preto-rustic/p/1502903701 | C32: Armário de Cozinha Completa 240cm Preto/Rustic Reims Madesa 01 | D32: WEB - VIA | E32: 1489.96 | F32: 1311.16 | G32: =((E32-F32)/E32) -> 0.12000322 | H32: Grátis | I32: 7 | J32: =IF(SUMIFS(Negociados!C:C,Negociados!B:B,E32,Negociados!A:A,A31,Negociados!D:D,"<="&$E$1,Negociados!E:E,">="&$E$1),SUMIFS(Negociados!C:C,Negociados!B:B,E32,Negociados!A:A,A31,Negociados!D:D,"<="&$E$1,Negociados!E:E,">="&$E$1),19%) -> 0.19
A33: GRSM170001A9 | B33: https://www.casasbahia.com.br/cozinha-compacta-100-mdf-madesa-smart-170-cm-modulada-com-armario-balcao-e-tampo/p/1502903658 | C33: Cozinha Compacta 100% MDF Madesa Smart 170 cm Modulada Com Armário, Balcão e Tampo Branco/Rustic/Crema | D33: WEB - VIA | E33: 1199.96 | F33: 1055.96 | G33: =((E33-F33)/E33) -> 0.120004 | H33: Grátis | I33: 7 | J33: =IF(SUMIFS(Negociados!C:C,Negociados!B:B,E33,Negociados!A:A,A32,Negociados!D:D,"<="&$E$1,Negociados!E:E,">="&$E$1),SUMIFS(Negociados!C:C,Negociados!B:B,E33,Negociados!A:A,A32,Negociados!D:D,"<="&$E$1,Negociados!E:E,">="&$E$1),19%) -> 0.19
A34: 044915ZXTPER | B34: https://www.casasbahia.com.br/conjunto-sala-jantar-mesa-tampo-madeira-4-cadeiras-madesa-1500994674/p/1500994674?utm_medium=Cpc&utm_source=google_freelisting&IdSku=1500994674&idLojista=11121&tipoLojista=3P&srsltid=AfmBOopSNphyra9CH9l085GrSVlnGWhAx1sJEAxno3FAdt_FTuz7xWWwDdc | C34: Conjunto Sala de Jantar Madesa Rute Mesa Tampo de Madeira com 4 Cadeiras - Rustic/Pérola Rustic/Pérola | D34: WEB - VIA | E34: 1199.96 | F34: 1055.96 | G34: =((E34-F34)/E34) -> 0.120004 | H34: Grátis | I34: 10 | J34: =IF(SUMIFS(Negociados!C:C,Negociados!B:B,E34,Negociados!A:A,A33,Negociados!D:D,"<="&$E$1,Negociados!E:E,">="&$E$1),SUMIFS(Negociados!C:C,Negociados!B:B,E34,Negociados!A:A,A33,Negociados!D:D,"<="&$E$1,Negociados!E:E,">="&$E$1),19%) -> 0.19
A35: MDJA0601346ESIL | B35: https://www.casasbahia.com.br/conjunto-sala-de-jantar-mesa-tampo-de-vidro-6-cadeiras/p/1547659626 | C35: Conjunto Sala de Jantar Mesa Tampo de Vidro 6 Cadeiras Rustic/Branco/Silver Geórgia Madesa | D35: WEB - VIA | E35: 399.96 | F35: 351.96 | G35: =((E35-F35)/E35) -> 0.120012 | H35: 39.9 | I35: 7 | J35: =IF(SUMIFS(Negociados!C:C,Negociados!B:B,E35,Negociados!A:A,A34,Negociados!D:D,"<="&$E$1,Negociados!E:E,">="&$E$1),SUMIFS(Negociados!C:C,Negociados!B:B,E35,Negociados!A:A,A34,Negociados!D:D,"<="&$E$1,Negociados!E:E,">="&$E$1),19%) -> 0.19
A36: MDJA0800047KPT | B36: https://www.casasbahia.com.br/conjunto-sala-de-jantar-mesa-tampo-de-madeira-8-cadeiras-rustic-preto-marisa-madesa-rustic-preto/p/1559194853 | C36: Conjunto Sala de Jantar Mesa Tampo de Madeira 8 Cadeiras Rustic/Preto Marisa Madesa | D36: WEB - VIA | E36: 539.96 | F36: 475.16 | G36: =((E36-F36)/E36) -> 0.12000889 | H36: 39.9 | I36: 7 | J36: =IF(SUMIFS(Negociados!C:C,Negociados!B:B,E36,Negociados!A:A,A35,Negociados!D:D,"<="&$E$1,Negociados!E:E,">="&$E$1),SUMIFS(Negociados!C:C,Negociados!B:B,E36,Negociados!A:A,A35,Negociados!D:D,"<="&$E$1,Negociados!E:E,">="&$E$1),19%) -> 0.19
A37: MDJA060135F9SIL | B37: https://www.casasbahia.com.br/conjunto-sala-de-jantar-mesa-tampo-de-madeira-6-cadeiras/p/1547659415 | C37: Conjunto Sala de Jantar Mesa Tampo de Madeira 6 Cadeiras Rustic/Cinza/Silver Hanna Madesa | D37: WEB - VIA | E37: 1399.96 | F37: 1231.96 | G37: =((E37-F37)/E37) -> 0.12000343 | H37: Grátis | I37: 10 | J37: =IF(SUMIFS(Negociados!C:C,Negociados!B:B,E37,Negociados!A:A,A36,Negociados!D:D,"<="&$E$1,Negociados!E:E,">="&$E$1),SUMIFS(Negociados!C:C,Negociados!B:B,E37,Negociados!A:A,A36,Negociados!D:D,"<="&$E$1,Negociados!E:E,">="&$E$1),19%) -> 0.19
A38: MDJA0401617KPT | B38: https://www.casasbahia.com.br/conjunto-sala-de-jantar-mesa-tampo-de-madeira-4-cadeiras-rustic-preto-claire-madesa-rustic-preto/p/1562867516 | C38: Conjunto Sala de Jantar Mesa Tampo de Madeira 4 Cadeiras Rustic/Preto Claire Madesa Rustic/Preto | D38: WEB - VIA | E38: 649.96 | F38: 571.96 | G38: =((E38-F38)/E38) -> 0.12000739 | H38: Grátis | I38: 7 | J38: =IF(SUMIFS(Negociados!C:C,Negociados!B:B,E38,Negociados!A:A,A37,Negociados!D:D,"<="&$E$1,Negociados!E:E,">="&$E$1),SUMIFS(Negociados!C:C,Negociados!B:B,E38,Negociados!A:A,A37,Negociados!D:D,"<="&$E$1,Negociados!E:E,">="&$E$1),19%) -> 0.19
A39: MDJA040157F9FLH | B39: https://www.casasbahia.com.br/conjunto-sala-de-jantar-mesa-tampo-de-madeira-4-cadeiras/p/1561846995 | C39: Conjunto Sala de Jantar Mesa Tampo de Madeira 4 Cadeiras Rustic/Cinza/Floral Hibiscos Samara Madesa Rustic/Cinza/Hibiscos | D39: WEB - VIA | E39: 1199.96 | F39: 1055.96 | G39: =((E39-F39)/E39) -> 0.120004 | H39: Grátis | I39: 7 | J39: =IF(SUMIFS(Negociados!C:C,Negociados!B:B,E39,Negociados!A:A,A38,Negociados!D:D,"<="&$E$1,Negociados!E:E,">="&$E$1),SUMIFS(Negociados!C:C,Negociados!B:B,E39,Negociados!A:A,A38,Negociados!D:D,"<="&$E$1,Negociados!E:E,">="&$E$1),19%) -> 0.19
A40: MDJA0400505ZPT | B40: https://www.casasbahia.com.br/conjunto-sala-de-jantar-maya-mesa-4-cadeiras-madesa-1501988611/p/1501988611?utm_medium=Cpc&utm_source=google_freelisting&IdSku=1501988611&idLojista=11121&tipoLojista=3P&srsltid=AfmBOooiQj7zjpNsD6e5LWPqVPs2W4LQN6RF0mOCqXVidLU2xHT4TxUSHMw | C40: Conjunto Sala de Jantar Madesa Maya Mesa Tampo de Vidro com 4 Cadeiras - Rustic/Sintético Preto Rustic/Sintético Preto | D40: WEB - VIA | E40: 779.96 | F40: 686.36 | G40: =((E40-F40)/E40) -> 0.12000615 | H40: Grátis | I40: 7 | J40: =IF(SUMIFS(Negociados!C:C,Negociados!B:B,E40,Negociados!A:A,A39,Negociados!D:D,"<="&$E$1,Negociados!E:E,">="&$E$1),SUMIFS(Negociados!C:C,Negociados!B:B,E40,Negociados!A:A,A39,Negociados!D:D,"<="&$E$1,Negociados!E:E,">="&$E$1),19%) -> 0.19
A41: MDJA0400885ZFBM | B41: https://www.casasbahia.com.br/conjunto-sala-de-jantar-luana-mesa-com-4-cadeiras-madesa-1508747753/p/1508747753?utm_medium=Cpc&utm_source=google_freelisting&IdSku=1508747753&idLojista=11121&tipoLojista=3P&srsltid=AfmBOoqXgO75PazyiZncOq6N2x7aL2FlfibHkFoP7wgW32ftiXnwwzr2A6g | C41: Conjunto Sala de Jantar Madesa Luana Mesa Tampo de Madeira com 4 Cadeiras - Rustic/Bege Marrom Rustic/Bege Marrom | D41: WEB - VIA | E41: 819.96 | F41: 721.56 | G41: =((E41-F41)/E41) -> 0.12000585 | H41: 49.99 | I41: 10 | J41: =IF(SUMIFS(Negociados!C:C,Negociados!B:B,E41,Negociados!A:A,A40,Negociados!D:D,"<="&$E$1,Negociados!E:E,">="&$E$1),SUMIFS(Negociados!C:C,Negociados!B:B,E41,Negociados!A:A,A40,Negociados!D:D,"<="&$E$1,Negociados!E:E,">="&$E$1),19%) -> 0.19
A42: MDJA0400885ZPER | B42: https://www.casasbahia.com.br/conjunto-sala-de-jantar-luana-mesa-4-cadeiras-madesa/p/1501991523 | C42: Conjunto Sala de Jantar Madesa Luana Mesa Tampo de Madeira com 4 Cadeiras Rustic/Sintético Bege | D42: WEB - VIA | E42: 1489.96 | F42: 1311.16 | G42: =((E42-F42)/E42) -> 0.12000322 | H42: Grátis | I42: 7 | J42: =IF(SUMIFS(Negociados!C:C,Negociados!B:B,E42,Negociados!A:A,A41,Negociados!D:D,"<="&$E$1,Negociados!E:E,">="&$E$1),SUMIFS(Negociados!C:C,Negociados!B:B,E42,Negociados!A:A,A41,Negociados!D:D,"<="&$E$1,Negociados!E:E,">="&$E$1),19%) -> 0.19
A43: MDJA040139F9SIL | B43: https://www.casasbahia.com.br/conj-mesa-tampo-de-madeira-4-cadeiras-rustic-cinza-silver/p/1546471025 | C43: Conjunto Sala de Jantar Mesa Tampo de Madeira 4 Cadeiras Rustic/Cinza/Silver Karina Madesa Rustic/Cinza/Silver | D43: WEB - VIA | E43: 1549.99 | F43: 1363.99 | G43: =((E43-F43)/E43) -> 0.12000077 | H43: Grátis | I43: 7 | J43: =IF(SUMIFS(Negociados!C:C,Negociados!B:B,E43,Negociados!A:A,A42,Negociados!D:D,"<="&$E$1,Negociados!E:E,">="&$E$1),SUMIFS(Negociados!C:C,Negociados!B:B,E43,Negociados!A:A,A42,Negociados!D:D,"<="&$E$1,Negociados!E:E,">="&$E$1),19%) -> 0.19
A44: XAGRRM260002D8 | B44: https://www.casasbahia.com.br/armario-de-cozinha-reims-260002-com-balcao-preto-rustic/p/1520582853?utm_source=google_freelisting&utm_medium=Cpc | C44: Armário de Cozinha Completa Madesa Reims 260002 com Balcão - Preto/Rustic Preto/Rustic | D44: WEB - VIA | E44: 539.96 | F44: 475.16 | G44: =((E44-F44)/E44) -> 0.12000889 | H44: 39.9 | I44: 7 | J44: =IF(SUMIFS(Negociados!C:C,Negociados!B:B,E44,Negociados!A:A,A43,Negociados!D:D,"<="&$E$1,Negociados!E:E,">="&$E$1),SUMIFS(Negociados!C:C,Negociados!B:B,E44,Negociados!A:A,A43,Negociados!D:D,"<="&$E$1,Negociados!E:E,">="&$E$1),19%) -> 0.19
A45: XAGREM1690037K | B45: https://www.casasbahia.com.br/armario-de-cozinha-emilly-box-com-balcao-e-aereo-vidro-preto-1520582800/p/1520582800?utm_medium=Cpc&utm_source=google_freelisting&IdSku=1520582800&idLojista=11121&tipoLojista=3P&srsltid=AfmBOorypJ7-xdM6K0WHci34AHCBahF8quFzaXd42XgkralUSkCKTRB5C9Y | C45: Armário de Cozinha Completa Madesa Emilly Box com Balcão e Aéreo Vidro - Rustic/Preto Rustic/Preto | D45: WEB - VIA | E45: 329.99 | F45: 290.39 | G45: =((E45-F45)/E45) -> 0.12000364 | H45: Grátis | I45: 7 | J45: =IF(SUMIFS(Negociados!C:C,Negociados!B:B,E45,Negociados!A:A,A44,Negociados!D:D,"<="&$E$1,Negociados!E:E,">="&$E$1),SUMIFS(Negociados!C:C,Negociados!B:B,E45,Negociados!A:A,A44,Negociados!D:D,"<="&$E$1,Negociados!E:E,">="&$E$1),19%) -> 0.19
A46: GRNC2600103B | B46: https://www.casasbahia.com.br/armario-de-cozinha-completa-suspenso-260cm-10-cinza/p/1547568870 | C46: Armário de Cozinha Completa Suspenso 260cm Cinza Nice Madesa 10 | D46: WEB - VIA | E46: 1079.92 | F46: 950.33 | G46: =((E46-F46)/E46) -> 0.11999963 | H46: Grátis | I46: 7 | J46: =IF(SUMIFS(Negociados!C:C,Negociados!B:B,E46,Negociados!A:A,A45,Negociados!D:D,"<="&$E$1,Negociados!E:E,">="&$E$1),SUMIFS(Negociados!C:C,Negociados!B:B,E46,Negociados!A:A,A45,Negociados!D:D,"<="&$E$1,Negociados!E:E,">="&$E$1),19%) -> 0.19
A47: GRNC2400053B | B47: https://www.casasbahia.com.br/armario-de-cozinha-completa-suspenso-240cm-cinza-1551859258/p/1551859258?utm_medium=Cpc&utm_source=google_freelisting&IdSku=1551859258&idLojista=11121&tipoLojista=3P&srsltid=AfmBOoocvwbgEmVavETdprwUB8MyU-HzC3-JSprWYwHYBLjGquyRhDsBhy8 | C47: Armário de Cozinha Completa Suspenso 240cm Cinza Nice Madesa 05 Cinza | D47: WEB - VIA | G47: =((E47-F47)/E47) -> #DIV/0! | J47: =IF(SUMIFS(Negociados!C:C,Negociados!B:B,E47,Negociados!A:A,A46,Negociados!D:D,"<="&$E$1,Negociados!E:E,">="&$E$1),SUMIFS(Negociados!C:C,Negociados!B:B,E47,Negociados!A:A,A46,Negociados!D:D,"<="&$E$1,Negociados!E:E,">="&$E$1),19%) -> 0.19
A48: XAGCEM2930047K | B48: https://www.casasbahia.com.br/armario-de-cozinha-completa-de-canto-emilly-play-aereo-preto-1520582856/p/1520582856?utm_medium=Cpc&utm_source=google_freelisting&IdSku=1520582856&idLojista=11121&tipoLojista=3P&srsltid=AfmBOorxHpUPqc4YYnbhuItcgeczxA9muMpiCCz1CVdXex7YQ0DFcOK6Uh8 | C48: Armário de Cozinha Completa de Canto Madesa Emilly Play Balcão e Aéreo Vidro Reflex - Rustic/Preto Rustic/Preto | D48: WEB - VIA | G48: =((E48-F48)/E48) -> #DIV/0! | J48: =IF(SUMIFS(Negociados!C:C,Negociados!B:B,E48,Negociados!A:A,A47,Negociados!D:D,"<="&$E$1,Negociados!E:E,">="&$E$1),SUMIFS(Negociados!C:C,Negociados!B:B,E48,Negociados!A:A,A47,Negociados!D:D,"<="&$E$1,Negociados!E:E,">="&$E$1),19%) -> 0.19
A49: GREM325002F9 | B49: https://www.casasbahia.com.br/armario-de-cozinha-completa-325cm-cinza-madesa-02-cinza/p/1556093270 | C49: Armário de Cozinha Completa 325cm Cinza/Rustic Emilly Madesa 02 | D49: WEB - VIA | G49: =((E49-F49)/E49) -> #DIV/0! | J49: =IF(SUMIFS(Negociados!C:C,Negociados!B:B,E49,Negociados!A:A,A48,Negociados!D:D,"<="&$E$1,Negociados!E:E,">="&$E$1),SUMIFS(Negociados!C:C,Negociados!B:B,E49,Negociados!A:A,A48,Negociados!D:D,"<="&$E$1,Negociados!E:E,">="&$E$1),19%) -> 0.19
A50: GRNC2600093B | B50: https://www.casasbahia.com.br/armario-de-cozinha-completa-260cm-cinza-nice-madesa-09-cinza/p/1547568819 | C50: Armário de Cozinha Completa 260cm Cinza Nice Madesa 09 | D50: WEB - VIA | G50: =((E50-F50)/E50) -> #DIV/0! | J50: =IF(SUMIFS(Negociados!C:C,Negociados!B:B,E50,Negociados!A:A,A49,Negociados!D:D,"<="&$E$1,Negociados!E:E,">="&$E$1),SUMIFS(Negociados!C:C,Negociados!B:B,E50,Negociados!A:A,A49,Negociados!D:D,"<="&$E$1,Negociados!E:E,">="&$E$1),19%) -> 0.19
A51: GCSM447002A9 | B51: https://www.casasbahia.com.br/armario-de-cozinha-completa-de-canto-100-mdf-447cm-madesa/p/1572932776 | C51: Armário de Cozinha Completa de Canto 100% MDF 447 cm Branco/Rustic/Crema Smart Madesa 02 Branco/Rustic/Crema | D51: WEB - VIA | G51: =((E51-F51)/E51) -> #DIV/0! | J51: =IF(SUMIFS(Negociados!C:C,Negociados!B:B,E51,Negociados!A:A,A50,Negociados!D:D,"<="&$E$1,Negociados!E:E,">="&$E$1),SUMIFS(Negociados!C:C,Negociados!B:B,E51,Negociados!A:A,A50,Negociados!D:D,"<="&$E$1,Negociados!E:E,">="&$E$1),19%) -> 0.19
A52: GRNC2400043B | B52: https://www.casasbahia.com.br/armario-de-cozinha-completa-suspenso-240cm-cinza/p/1551791699?utm_medium=Cpc&utm_source=google_freelisting&IdSku=1551791699&idLojista=11121&tipoLojista=3P&srsltid=AfmBOoq5sJep9eid_TtUSooSguFdv4AQzB24UZ_1xmvDnmXb-ObxwmTCgr8 | C52: Armário de Cozinha Completa Suspenso 240cm Cinza Nice Madesa 04 Cinza | D52: WEB - VIA | G52: =((E52-F52)/E52) -> #DIV/0! | J52: =IF(SUMIFS(Negociados!C:C,Negociados!B:B,E52,Negociados!A:A,A51,Negociados!D:D,"<="&$E$1,Negociados!E:E,">="&$E$1),SUMIFS(Negociados!C:C,Negociados!B:B,E52,Negociados!A:A,A51,Negociados!D:D,"<="&$E$1,Negociados!E:E,">="&$E$1),19%) -> 0.19
A53: GREM325002J1 | B53: https://www.casasbahia.com.br/armario-de-cozinha-completa-325cm-rustic-cinza-emilly-madesa/p/1572116090?utm_source=google_freelisting&utm_medium=Cpc | C53: Armário de Cozinha Completa 325cm Rustic/Cinza Emilly Madesa 02 Rustic/Cinza | D53: WEB - VIA | G53: =((E53-F53)/E53) -> #DIV/0! | J53: =IF(SUMIFS(Negociados!C:C,Negociados!B:B,E53,Negociados!A:A,A52,Negociados!D:D,"<="&$E$1,Negociados!E:E,">="&$E$1),SUMIFS(Negociados!C:C,Negociados!B:B,E53,Negociados!A:A,A52,Negociados!D:D,"<="&$E$1,Negociados!E:E,">="&$E$1),19%) -> 0.19
A54: GRRM3000018N | B54: https://www.casasbahia.com.br/cozinha-completa-300001-com-armario-e-balcao-preto-preto/p/1565676433?utm_medium=Cpc&utm_source=google_freelisting&IdSku=1565676433&idLojista=11121&tipoLojista=3P&srsltid=AfmBOoqlmuI469jmoQti6ttOaTlyHBaSTYpTZKD6_Y26cw8OFq1u98mxb_A | C54: Cozinha Completa Madesa Reims 300001 com Armário e Balcão - Preto Preto | D54: WEB - VIA | G54: =((E54-F54)/E54) -> #DIV/0! | J54: =IF(SUMIFS(Negociados!C:C,Negociados!B:B,E54,Negociados!A:A,A53,Negociados!D:D,"<="&$E$1,Negociados!E:E,">="&$E$1),SUMIFS(Negociados!C:C,Negociados!B:B,E54,Negociados!A:A,A53,Negociados!D:D,"<="&$E$1,Negociados!E:E,">="&$E$1),19%) -> 0.19
A55: GRRM320002D8 | B55: https://www.casasbahia.com.br/cozinha-completa-reims-com-armario-e-balcao-preto-madesa/p/1572115257?utm_source=Google&utm_medium=BuscaOrganica&utm_campaign=DescontoEspecial | C55: Cozinha Completa Madesa Reims 320002 com Armário e Balcão - Preto Preto | D55: WEB - VIA | G55: =((E55-F55)/E55) -> #DIV/0! | J55: =IF(SUMIFS(Negociados!C:C,Negociados!B:B,E55,Negociados!A:A,A54,Negociados!D:D,"<="&$E$1,Negociados!E:E,">="&$E$1),SUMIFS(Negociados!C:C,Negociados!B:B,E55,Negociados!A:A,A54,Negociados!D:D,"<="&$E$1,Negociados!E:E,">="&$E$1),19%) -> 0.19
A56: GCNC4050053B | B56: https://www.casasbahia.com.br/armario-de-cozinha-completa-de-canto-405cm-nice-madesa-05-cinza/p/1571472528?IdLojista=11121&utm_source=Google&utm_medium=BuscaOrganica&utm_campaign=DescontoEspecial | C56: Armário de Cozinha Completa de Canto 405cm Cinza Nice Madesa 05 Cinza | D56: WEB - VIA | G56: =((E56-F56)/E56) -> #DIV/0! | J56: =IF(SUMIFS(Negociados!C:C,Negociados!B:B,E56,Negociados!A:A,A55,Negociados!D:D,"<="&$E$1,Negociados!E:E,">="&$E$1),SUMIFS(Negociados!C:C,Negociados!B:B,E56,Negociados!A:A,A55,Negociados!D:D,"<="&$E$1,Negociados!E:E,">="&$E$1),19%) -> 0.19
A57: GRNC2600043B | B57: https://www.casasbahia.com.br/armario-de-cozinha-completa-260cm-cinza-nice-04-cinza/p/1546460140?utm_source=Google&utm_medium=BuscaOrganica&utm_campaign=DescontoEspecial | C57: Armário de Cozinha Completa 260cm Cinza Nice Madesa 04 Cinza | D57: WEB - VIA | G57: =((E57-F57)/E57) -> #DIV/0! | J57: =IF(SUMIFS(Negociados!C:C,Negociados!B:B,E57,Negociados!A:A,A56,Negociados!D:D,"<="&$E$1,Negociados!E:E,">="&$E$1),SUMIFS(Negociados!C:C,Negociados!B:B,E57,Negociados!A:A,A56,Negociados!D:D,"<="&$E$1,Negociados!E:E,">="&$E$1),19%) -> 0.19
A58: GREM3250025Z | B58: https://www.casasbahia.com.br/armario-de-cozinha-completa-325cm-rustic-emilly-madesa/p/1566813690?IdLojista=11121&utm_source=Google&utm_medium=BuscaOrganica&utm_campaign=DescontoEspecial | C58: Armário de Cozinha Completa 325cm Rustic Emilly Madesa 02 Rustic | D58: WEB - VIA | G58: =((E58-F58)/E58) -> #DIV/0! | J58: =IF(SUMIFS(Negociados!C:C,Negociados!B:B,E58,Negociados!A:A,A57,Negociados!D:D,"<="&$E$1,Negociados!E:E,">="&$E$1),SUMIFS(Negociados!C:C,Negociados!B:B,E58,Negociados!A:A,A57,Negociados!D:D,"<="&$E$1,Negociados!E:E,">="&$E$1),19%) -> 0.19
... A65: MDES0200195Z5Z | B65: https://www.casasbahia.com.br/rack-com-painel-para-tv-ate-65-polegadas-com-pes-rustic-detroit-madesa-rustic/p/1569843878?utm_source=google_freelisting&utm_medium=Cpc | C65: Rack com Painel para TV até 65 Polegadas com Pés Rustic Detroit Madesa Rustic | D65: WEB - VIA | G65: =((E65-F65)/E65) -> #DIV/0! | J65: =IF(SUMIFS(Negociados!C:C,Negociados!B:B,E65,Negociados!A:A,A64,Negociados!D:D,"<="&$E$1,Negociados!E:E,">="&$E$1),SUMIFS(Negociados!C:C,Negociados!B:B,E65,Negociados!A:A,A64,Negociados!D:D,"<="&$E$1,Negociados!E:E,">="&$E$1),19%) -> 0.19
D66: WEB - VIA | G66: =((E66-F66)/E66) -> #DIV/0! | J66: =IF(SUMIFS(Negociados!C:C,Negociados!B:B,E66,Negociados!A:A,A65,Negociados!D:D,"<="&$E$1,Negociados!E:E,">="&$E$1),SUMIFS(Negociados!C:C,Negociados!B:B,E66,Negociados!A:A,A65,Negociados!D:D,"<="&$E$1,Negociados!E:E,">="&$E$1),19%) -> 0.19

Sheet MADEIRA
A1: Cód. Madesa | B1: LINK | C1: Descrição | D1: NEGOCIAÇÃO | E1: 45950
A2: GRTE2900015Z9B | B2: https://www.madeiramadeira.com.br/cozinha-completa-madesa-stella-290001-com-armario-e-balcao-rustic-branco-rustic-cor-rustic-branco-ru-382167574.html?index=prod-poc-madeira | C2: Cozinha Completa Madesa Stella 290001 com Armário e Balcão | D2: WEB - MADEIRA | E2: Preço | F2: FRETE | G2: PRAZO | H2: Comissão
A3: 044915ZXTFLH | B3: https://www.madeiramadeira.com.br/conjunto-sala-de-jantar-madesa-rute-mesa-tampo-de-madeira-com-4-cadeiras-rustic-floral-hibiscos-cor-886371540.html?index=prod-poc-madeira | C3: Conjunto Sala de Jantar Madesa Rute Mesa Tampo de Madeira com 4 Cadeiras - Rustic/Hibiscos | D3: WEB - MADEIRA | E3: 359.97 | F3: 39.9 | G3: 7 | H3: =IF(SUMIFS(Negociados!C:C,Negociados!B:B,E3,Negociados!A:A,A2,Negociados!D:D,"<="&$E$1,Negociados!E:E,">="&$E$1),SUMIFS(Negociados!C:C,Negociados!B:B,E3,Negociados!A:A,A2,Negociados!D:D,"<="&$E$1,Negociados!E:E,">="&$E$1),19%) -> 0.19
A4: MDFC0100096E | B4: https://www.madeiramadeira.com.br/escrivaninha-em-l-mesa-para-computador-gamer-3-gavetas-branco-rustic-lisboa-madesa-912735258.html?index=prod-poc-madeira | C4: Escrivaninha Em L Mesa Para Computador Gamer 3 Gavetas Branco/Rustic Lisboa Madesa | D4: WEB - MADEIRA | E4: 359.97 | F4: 39.9 | G4: 7 | H4: =IF(SUMIFS(Negociados!C:C,Negociados!B:B,E4,Negociados!A:A,A3,Negociados!D:D,"<="&$E$1,Negociados!E:E,">="&$E$1),SUMIFS(Negociados!C:C,Negociados!B:B,E4,Negociados!A:A,A3,Negociados!D:D,"<="&$E$1,Negociados!E:E,">="&$E$1),19%) -> 0.19
A5: MDMU01000349 | B5: https://www.madeiramadeira.com.br/armario-gabinete-para-banheiro-80cm-2-portas-branco-madesa-305784556.html?index=prod-poc-madeira | C5: Armário Gabinete para Banheiro 80cm 2 Portas Branco Madesa | D5: WEB - MADEIRA | E5: - | F5: - | G5: - | H5: =IF(SUMIFS(Negociados!C:C,Negociados!B:B,E5,Negociados!A:A,A4,Negociados!D:D,"<="&$E$1,Negociados!E:E,">="&$E$1),SUMIFS(Negociados!C:C,Negociados!B:B,E5,Negociados!A:A,A4,Negociados!D:D,"<="&$E$1,Negociados!E:E,">="&$E$1),19%) -> 0.19
A6: 1082091ECP | B6: https://www.madeiramadeira.com.br/guarda-roupa-casal-madesa-napoli-3-portas-de-correr-central-com-espelho-com-pes-branco-cor-branco-326146969.html?index=prod-poc-madeira | C6: Guarda-Roupa Casal Madesa Napoli 3 Portas de Correr Central com Espelho com Pés - Branco | D6: WEB - MADEIRA | E6: 449.97 | F6: 39.9 | G6: 7 | H6: =IF(SUMIFS(Negociados!C:C,Negociados!B:B,E6,Negociados!A:A,A5,Negociados!D:D,"<="&$E$1,Negociados!E:E,">="&$E$1),SUMIFS(Negociados!C:C,Negociados!B:B,E6,Negociados!A:A,A5,Negociados!D:D,"<="&$E$1,Negociados!E:E,">="&$E$1),19%) -> 0.19
A7: 1094092E2G | B7: https://www.madeiramadeira.com.br/guarda-roupa-solteiro-madesa-dallas-2-portas-de-correr-de-espelho-2-gavetas-branco-cor-branco-160696536.html?index=prod-poc-madeira | C7: Guarda-Roupa Solteiro Madesa Dallas 2 Portas de Correr de Espelho 2 Gavetas Branco | D7: WEB - MADEIRA | E7: 649.99 | F7: 49.9 | G7: 7 | H7: =IF(SUMIFS(Negociados!C:C,Negociados!B:B,E7,Negociados!A:A,A6,Negociados!D:D,"<="&$E$1,Negociados!E:E,">="&$E$1),SUMIFS(Negociados!C:C,Negociados!B:B,E7,Negociados!A:A,A6,Negociados!D:D,"<="&$E$1,Negociados!E:E,">="&$E$1),19%) -> 0.19
A8: MDJA040139F9SIL | B8: https://www.madeiramadeira.com.br/conj-mesa-tampo-de-madeira-4-cadeiras-rustic-cinza-silver-714572884.html | C8: Conjunto Sala de Jantar Mesa Tampo de Madeira 4 Cadeiras Rustic/Cinza/Silver Karina Madesa Rustic/Cinza/Silver | D8: WEB - MADEIRA | E8: 839.99 | F8: 49.9 | G8: 7 | H8: =IF(SUMIFS(Negociados!C:C,Negociados!B:B,E8,Negociados!A:A,A7,Negociados!D:D,"<="&$E$1,Negociados!E:E,">="&$E$1),SUMIFS(Negociados!C:C,Negociados!B:B,E8,Negociados!A:A,A7,Negociados!D:D,"<="&$E$1,Negociados!E:E,">="&$E$1),19%) -> 0.19
A9: 1094F8 | B9: https://www.madeiramadeira.com.br/guarda-roupa-solteiro-2-portas-branco-cinza-905565679.html?index=prod-poc-madeira | C9: Guarda-Roupa Solteiro Madesa Denver 2 Portas de Correr Branco/Cinza | D9: WEB - MADEIRA | E9: 759.97 | F9: Grátis | G9: 7 | H9: =IF(SUMIFS(Negociados!C:C,Negociados!B:B,E9,Negociados!A:A,A8,Negociados!D:D,"<="&$E$1,Negociados!E:E,">="&$E$1),SUMIFS(Negociados!C:C,Negociados!B:B,E9,Negociados!A:A,A8,Negociados!D:D,"<="&$E$1,Negociados!E:E,">="&$E$1),19%) -> 0.19
A10: 60245Z5ZPP | B10: https://www.madeiramadeira.com.br/rack-madesa-dubai-para-tv-ate-65-polegadas-com-pes-rustic-cor-rustic-276383392.html?index=prod-poc-madeira | C10: Rack Madesa Dubai para TV até 65 Polegadas com Pés - Rustic Rustic | D10: WEB - MADEIRA | E10: 939.99 | F10: Grátis | G10: 7 | H10: =IF(SUMIFS(Negociados!C:C,Negociados!B:B,E10,Negociados!A:A,A9,Negociados!D:D,"<="&$E$1,Negociados!E:E,">="&$E$1),SUMIFS(Negociados!C:C,Negociados!B:B,E10,Negociados!A:A,A9,Negociados!D:D,"<="&$E$1,Negociados!E:E,">="&$E$1),19%) -> 0.19
A11: MDJA0401827KOXF | B11: https://www.madeiramadeira.com.br/conjunto-sala-de-jantar-mesa-tampo-de-vidro-4-cadeiras-rustic-preto-oxford-evelin-madesa-rustic-381198735.html | C11: Conjunto Sala de Jantar Mesa Tampo de Vidro 4 Cadeiras Rustic/Preto Oxford Evelin Madesa Rustic/Preto/Oxford | D11: WEB - MADEIRA | E11: 879.97 | F11: Grátis | G11: 10 | H11: =IF(SUMIFS(Negociados!C:C,Negociados!B:B,E11,Negociados!A:A,A10,Negociados!D:D,"<="&$E$1,Negociados!E:E,">="&$E$1),SUMIFS(Negociados!C:C,Negociados!B:B,E11,Negociados!A:A,A10,Negociados!D:D,"<="&$E$1,Negociados!E:E,">="&$E$1),19%) -> 0.19
A12: 10936E1E | B12: https://www.madeiramadeira.com.br/guarda-roupa-casal-madesa-monaco-3-portas-de-correr-com-espelho-rustic-branco-cor-rustic-branco-896640340.html | C12: Guarda Roupa Casal Madesa Mônaco 3 Portas de Correr com Espelho - Rustic/Branco | D12: WEB - MADEIRA | E12: 1019.99 | F12: Grátis | G12: 7 | H12: =IF(SUMIFS(Negociados!C:C,Negociados!B:B,E12,Negociados!A:A,A11,Negociados!D:D,"<="&$E$1,Negociados!E:E,">="&$E$1),SUMIFS(Negociados!C:C,Negociados!B:B,E12,Negociados!A:A,A11,Negociados!D:D,"<="&$E$1,Negociados!E:E,">="&$E$1),19%) -> 0.19
A13: 6024095ZPP | B13: https://www.madeiramadeira.com.br/rack-madesa-dubai-para-tv-ate-65-polegadas-com-pes-branco-rustic-095z-cor-branco-rustic-246706764.html | C13: Rack Madesa Dubai para TV até 65 Polegadas com Pés - Branco/Rustic | D13: WEB - MADEIRA | E13: 899.97 | F13: Grátis | G13: 7 | H13: =IF(SUMIFS(Negociados!C:C,Negociados!B:B,E13,Negociados!A:A,A12,Negociados!D:D,"<="&$E$1,Negociados!E:E,">="&$E$1),SUMIFS(Negociados!C:C,Negociados!B:B,E13,Negociados!A:A,A12,Negociados!D:D,"<="&$E$1,Negociados!E:E,">="&$E$1),19%) -> 0.19
A14: 1097091E | B14: https://www.madeiramadeira.com.br/guarda-roupa-solteiro-madesa-tokio-2-portas-de-correr-com-espelho-2-gavetas-branco-cor-branco-301003051.html?index=vr-prod-poc-madeira-listings-best-seller-desc&seller=17012 | C14: Guarda-Roupa Solteiro Madesa Tokio 2 Portas de Correr com Espelho 2 Gavetas Branco | D14: WEB - MADEIRA | E14: 1439.97 | F14: Grátis | G14: 7 | H14: =IF(SUMIFS(Negociados!C:C,Negociados!B:B,E14,Negociados!A:A,A13,Negociados!D:D,"<="&$E$1,Negociados!E:E,">="&$E$1),SUMIFS(Negociados!C:C,Negociados!B:B,E14,Negociados!A:A,A13,Negociados!D:D,"<="&$E$1,Negociados!E:E,">="&$E$1),19%) -> 0.19
A15: 10948N2E4G | B15: https://www.madeiramadeira.com.br/guarda-roupa-solteiro-madesa-dallas-plus-2-portas-de-correr-de-espelho-4-gavetas-preto-cor-preto-235441141.html | C15: Guarda-Roupa Solteiro Madesa Dallas Plus 2 Portas de Correr de Espelho 4 Gavetas | D15: WEB - MADEIRA | E15: 1439.97 | F15: Grátis | G15: 7 | H15: =IF(SUMIFS(Negociados!C:C,Negociados!B:B,E15,Negociados!A:A,A14,Negociados!D:D,"<="&$E$1,Negociados!E:E,">="&$E$1),SUMIFS(Negociados!C:C,Negociados!B:B,E15,Negociados!A:A,A14,Negociados!D:D,"<="&$E$1,Negociados!E:E,">="&$E$1),19%) -> 0.19
A16: 1085093E | B16: https://www.madeiramadeira.com.br/guarda-roupa-casal-madesa-veneza-3-portas-de-correr-com-espelho-branco-cor-branco-570039174.html?index=vr-prod-poc-madeira-listings-best-seller-desc&seller=17012 | C16: Guarda-Roupa Casal Madesa Veneza 3 Portas de Correr de Espelhos - Branco Branco | D16: WEB - MADEIRA | E16: 1439.97 | F16: Grátis | G16: 7 | H16: =IF(SUMIFS(Negociados!C:C,Negociados!B:B,E16,Negociados!A:A,A15,Negociados!D:D,"<="&$E$1,Negociados!E:E,">="&$E$1),SUMIFS(Negociados!C:C,Negociados!B:B,E16,Negociados!A:A,A15,Negociados!D:D,"<="&$E$1,Negociados!E:E,">="&$E$1),19%) -> 0.19
A17: GRRM320002D8 | B17: https://www.madeiramadeira.com.br/cozinha-completa-madesa-reims-320002-com-armario-e-balcao-preto-cor-preto-156353621.html | C17: Cozinha Completa Madesa Reims 320002 com Armário e Balcão - Preto | D17: WEB - MADEIRA | E17: 1999.99 | F17: Grátis | G17: 7 | H17: =IF(SUMIFS(Negociados!C:C,Negociados!B:B,E17,Negociados!A:A,A16,Negociados!D:D,"<="&$E$1,Negociados!E:E,">="&$E$1),SUMIFS(Negociados!C:C,Negociados!B:B,E17,Negociados!A:A,A16,Negociados!D:D,"<="&$E$1,Negociados!E:E,">="&$E$1),19%) -> 0.19
A18: GRAG1800027K | B18: https://www.madeiramadeira.com.br/cozinha-completa-madesa-agata-180002-com-armario-e-balcao-sem-tampo-e-pia-rustic-preto-442209207.html?index=vr-prod-poc-madeira-listings-best-seller-desc&seller=17012 | C18: Armário de Cozinha Compacta 180cm Rustic Preto Agata Madesa 02 | D18: WEB - MADEIRA | E18: 1889.97 | F18: Grátis | G18: 7 | H18: =IF(SUMIFS(Negociados!C:C,Negociados!B:B,E18,Negociados!A:A,A17,Negociados!D:D,"<="&$E$1,Negociados!E:E,">="&$E$1),SUMIFS(Negociados!C:C,Negociados!B:B,E18,Negociados!A:A,A17,Negociados!D:D,"<="&$E$1,Negociados!E:E,">="&$E$1),19%) -> 0.19
A19: GRAG270003F9 | B19: https://www.madeiramadeira.com.br/cozinha-completa-270003-com-armario-e-balcao-rustic-cinza-947252637.html?index=vr-prod-poc-madeira-listings-best-seller-desc&seller=17012 | C19: Cozinha Completa Madesa Agata 270003 com Armário e Balcão (Sem Tampo e Pia) - Rustic/Cinza Rustic/Cinza | D19: WEB - MADEIRA | E19: 1689.97 | F19: Grátis | G19: 10 | H19: =IF(SUMIFS(Negociados!C:C,Negociados!B:B,E19,Negociados!A:A,A18,Negociados!D:D,"<="&$E$1,Negociados!E:E,">="&$E$1),SUMIFS(Negociados!C:C,Negociados!B:B,E19,Negociados!A:A,A18,Negociados!D:D,"<="&$E$1,Negociados!E:E,">="&$E$1),19%) -> 0.19
A20: GRGM27000709 | B20: https://www.madeiramadeira.com.br/cozinha-completa-100-mdf-madesa-acordes-270007-com-armario-e-balcao-frentes-branco-brilho-cor-branc-134523242.html | C20: Cozinha Completa 100% MDF Madesa Acordes 270007 com Armário e Balcão - Frentes Branco Brilho Branco | D20: WEB - MADEIRA | E20: 1979.97 | F20: Grátis | G20: 7 | H20: =IF(SUMIFS(Negociados!C:C,Negociados!B:B,E20,Negociados!A:A,A19,Negociados!D:D,"<="&$E$1,Negociados!E:E,">="&$E$1),SUMIFS(Negociados!C:C,Negociados!B:B,E20,Negociados!A:A,A19,Negociados!D:D,"<="&$E$1,Negociados!E:E,">="&$E$1),19%) -> 0.19
... A22: MDJA0401377GSIM | B22: https://www.madeiramadeira.com.br/conjunto-sala-de-jantar-mesa-tampo-de-madeira-4-cadeiras-ru-187574777.html | C22: Conjunto Sala de Jantar Mesa Tampo de Madeira 4 Cadeiras Rustic/Crema/Imperial Livia Madesa Rustic/Crema/Imperial | D22: WEB - MADEIRA | E22: 879.97 | F22: Grátis | G22: 10 | H22: =IF(SUMIFS(Negociados!C:C,Negociados!B:B,E22,Negociados!A:A,A21,Negociados!D:D,"<="&$E$1,Negociados!E:E,">="&$E$1),SUMIFS(Negociados!C:C,Negociados!B:B,E22,Negociados!A:A,A21,Negociados!D:D,"<="&$E$1,Negociados!E:E,">="&$E$1),19%) -> 0.19
A23: 044915ZXTPER | B23: https://www.madeiramadeira.com.br/conjunto-sala-de-jantar-madesa-rute-mesa-tampo-de-madeira-com-4-cadeiras-rustic-perola-cor-rustic-pe-200453321.html | C23: Conjunto Sala de Jantar Madesa Rute Mesa Tampo de Madeira com 4 Cadeiras Rustic/Sintético Bege | D23: WEB - MADEIRA | E23: 449.97 | F23: 39.9 | G23: 7 | H23: =IF(SUMIFS(Negociados!C:C,Negociados!B:B,E23,Negociados!A:A,A22,Negociados!D:D,"<="&$E$1,Negociados!E:E,">="&$E$1),SUMIFS(Negociados!C:C,Negociados!B:B,E23,Negociados!A:A,A22,Negociados!D:D,"<="&$E$1,Negociados!E:E,">="&$E$1),19%) -> 0.19
A24: MDJA0400505ZPT | B24: https://www.madeiramadeira.com.br/conjunto-sala-de-jantar-madesa-maya-mesa-tampo-de-vidro-com-4-cadeiras-rustic-sintetico-preto-cor-ru-277315967.html | C24: Conjunto Sala de Jantar Madesa Maya Mesa Tampo de Vidro com 4 Cadeiras Rustic/Sintético Preto | D24: WEB - MADEIRA | E24: 566.99 | F24: 39.9 | G24: 7 | H24: =IF(SUMIFS(Negociados!C:C,Negociados!B:B,E24,Negociados!A:A,A23,Negociados!D:D,"<="&$E$1,Negociados!E:E,">="&$E$1),SUMIFS(Negociados!C:C,Negociados!B:B,E24,Negociados!A:A,A23,Negociados!D:D,"<="&$E$1,Negociados!E:E,">="&$E$1),19%) -> 0.19
A25: 044825ZXTFLH | B25: https://www.madeiramadeira.com.br/conjunto-sala-de-jantar-madesa-maris-mesa-tampo-de-madeira-com-6-cadeiras-rustic-floral-hibiscos-cor-189720810.html | C25: Conjunto Sala de Jantar Madesa Maris Mesa Tampo de Madeira com 6 Cadeiras Rustic/Floral Hibiscos | D25: WEB - MADEIRA | E25: 519.97 | F25: 39.9 | G25: 7 | H25: =IF(SUMIFS(Negociados!C:C,Negociados!B:B,E25,Negociados!A:A,A24,Negociados!D:D,"<="&$E$1,Negociados!E:E,">="&$E$1),SUMIFS(Negociados!C:C,Negociados!B:B,E25,Negociados!A:A,A24,Negociados!D:D,"<="&$E$1,Negociados!E:E,">="&$E$1),19%) -> 0.19
A26: MDJA0400885ZPER | B26: https://www.madeiramadeira.com.br/conjunto-sala-de-jantar-madesa-luana-mesa-tampo-de-madeira-com-4-cadeiras-rustic-perola-cor-rustic-p-802916227.html?index=vr-prod-poc-madeira-listings-best-seller-desc&seller=17012 | C26: Conjunto Sala de Jantar Madesa Luana Mesa Tampo de Madeira com 4 Cadeiras Rustic/Sintético Bege | D26: WEB - MADEIRA | E26: 659.97 | F26: 49.9 | G26: 7 | H26: =IF(SUMIFS(Negociados!C:C,Negociados!B:B,E26,Negociados!A:A,A25,Negociados!D:D,"<="&$E$1,Negociados!E:E,">="&$E$1),SUMIFS(Negociados!C:C,Negociados!B:B,E26,Negociados!A:A,A25,Negociados!D:D,"<="&$E$1,Negociados!E:E,">="&$E$1),19%) -> 0.19
A27: MDJA0400885ZFLH | B27: https://www.madeiramadeira.com.br/conjunto-sala-de-jantar-madesa-luana-mesa-tampo-de-madeira-com-4-cadeiras-rustic-floral-hibiscos-cor-385866111.html | C27: Conjunto Sala de Jantar Madesa Luana Mesa Tampo de Madeira com 4 Cadeiras - Rustic/Floral Hibiscos Rustic/Floral Hibiscos | D27: WEB - MADEIRA | E27: 539.97 | F27: 49.9 | G27: 7 | H27: =IF(SUMIFS(Negociados!C:C,Negociados!B:B,E27,Negociados!A:A,A26,Negociados!D:D,"<="&$E$1,Negociados!E:E,">="&$E$1),SUMIFS(Negociados!C:C,Negociados!B:B,E27,Negociados!A:A,A26,Negociados!D:D,"<="&$E$1,Negociados!E:E,">="&$E$1),19%) -> 0.19
A28: MDJA0400885ZFBM | B28: https://www.madeiramadeira.com.br/conjunto-sala-de-jantar-madesa-luana-mesa-tampo-de-madeira-com-4-cadeiras-rustic-bege-marrom-cor-rus-220538477.html?index=vr-prod-poc-madeira-listings-best-seller-desc&seller=17012 | C28: Conjunto Sala de Jantar Madesa Luana Mesa Tampo de Madeira com 4 Cadeiras - Rustic/Bege Marrom Rustic/Bege Marrom | D28: WEB - MADEIRA | E28: - | F28: - | G28: - | H28: =IF(SUMIFS(Negociados!C:C,Negociados!B:B,E28,Negociados!A:A,A27,Negociados!D:D,"<="&$E$1,Negociados!E:E,">="&$E$1),SUMIFS(Negociados!C:C,Negociados!B:B,E28,Negociados!A:A,A27,Negociados!D:D,"<="&$E$1,Negociados!E:E,">="&$E$1),19%) -> 0.19
A29: MDJA0200015ZPT | B29: https://www.madeiramadeira.com.br/conjunto-sala-de-jantar-madesa-gabi-mesa-tampo-de-madeira-com-2-cadeiras-rustic-preto-sintetico-pret-587278186.html?index=vr-prod-poc-madeira-listings-best-seller-desc&seller=17012 | C29: Conjunto Sala de Jantar Madesa Gabi Mesa Tampo de Madeira com 2 Cadeiras - Rustic/Preto/Sintético Preto Rustic/Preto/Sintético Preto | D29: WEB - MADEIRA | E29: 1889.97 | F29: Grátis | G29: 10 | H29: =IF(SUMIFS(Negociados!C:C,Negociados!B:B,E29,Negociados!A:A,A28,Negociados!D:D,"<="&$E$1,Negociados!E:E,">="&$E$1),SUMIFS(Negociados!C:C,Negociados!B:B,E29,Negociados!A:A,A28,Negociados!D:D,"<="&$E$1,Negociados!E:E,">="&$E$1),19%) -> 0.19
A30: MDJA0200015ZPER | B30: https://www.madeiramadeira.com.br/conjunto-sala-de-jantar-madesa-gabi-mesa-tampo-de-madeira-com-2-cadeiras-rustic-crema-perola-cor-rus-945103759.html?index=prod-poc-madeira | C30: Conjunto Sala de Jantar Madesa Gabi Mesa Tampo de Madeira com 2 Cadeiras - Rustic/Crema/Pérola Rustic/Crema/Pérola | D30: WEB - MADEIRA | E30: 1049.97 | F30: Grátis | G30: 7 | H30: =IF(SUMIFS(Negociados!C:C,Negociados!B:B,E30,Negociados!A:A,A29,Negociados!D:D,"<="&$E$1,Negociados!E:E,">="&$E$1),SUMIFS(Negociados!C:C,Negociados!B:B,E30,Negociados!A:A,A29,Negociados!D:D,"<="&$E$1,Negociados!E:E,">="&$E$1),19%) -> 0.19
A31: GRNC2400053B | B31: https://www.madeiramadeira.com.br/armario-de-cozinha-completa-suspenso-240cm-cinza-758111417.html | C31: Armário de Cozinha Completa Suspenso 240cm Cinza Nice Madesa 05 | D31: WEB - MADEIRA | E31: 1889.97 | F31: Grátis | G31: 7 | H31: =IF(SUMIFS(Negociados!C:C,Negociados!B:B,E31,Negociados!A:A,A30,Negociados!D:D,"<="&$E$1,Negociados!E:E,">="&$E$1),SUMIFS(Negociados!C:C,Negociados!B:B,E31,Negociados!A:A,A30,Negociados!D:D,"<="&$E$1,Negociados!E:E,">="&$E$1),19%) -> 0.19
A32: GRNC2400043B | B32: https://www.madeiramadeira.com.br/armario-de-cozinha-completa-suspenso-240cm-cinza-663936177.html?index=vr-prod-poc-madeira-listings-best-seller-desc&seller=17012 | C32: Armário de Cozinha Completa Suspenso 240cm Cinza Nice Madesa 04 Cinza | D32: WEB - MADEIRA | H32: =IF(SUMIFS(Negociados!C:C,Negociados!B:B,E32,Negociados!A:A,A31,Negociados!D:D,"<="&$E$1,Negociados!E:E,">="&$E$1),SUMIFS(Negociados!C:C,Negociados!B:B,E32,Negociados!A:A,A31,Negociados!D:D,"<="&$E$1,Negociados!E:E,">="&$E$1),19%) -> 0.19
A33: GRNC3200063B | B33: https://www.madeiramadeira.com.br/armario-de-cozinha-completa-320cm-cinza-nice-madesa-06-cinza-741921112.html?index=vr-prod-poc-madeira-listings-best-seller-desc&seller=17012 | C33: Armário de Cozinha Completa 320cm Cinza Nice Madesa 06 | D33: WEB - MADEIRA | H33: =IF(SUMIFS(Negociados!C:C,Negociados!B:B,E33,Negociados!A:A,A32,Negociados!D:D,"<="&$E$1,Negociados!E:E,">="&$E$1),SUMIFS(Negociados!C:C,Negociados!B:B,E33,Negociados!A:A,A32,Negociados!D:D,"<="&$E$1,Negociados!E:E,">="&$E$1),19%) -> 0.19
A34: GRNC3000093B | B34: https://www.madeiramadeira.com.br/armario-de-cozinha-completa-300cm-cinza-nice-madesa-09-cinza-305948976.html?index=vr-prod-poc-madeira-listings-best-seller-desc&seller=17012 | C34: Armário de Cozinha Completa 300cm Cinza Nice Madesa 09 Cinza | D34: WEB - MADEIRA | H34: =IF(SUMIFS(Negociados!C:C,Negociados!B:B,E34,Negociados!A:A,A33,Negociados!D:D,"<="&$E$1,Negociados!E:E,">="&$E$1),SUMIFS(Negociados!C:C,Negociados!B:B,E34,Negociados!A:A,A33,Negociados!D:D,"<="&$E$1,Negociados!E:E,">="&$E$1),19%) -> 0.19
A35: GRNC1200013B | B35: https://www.madeiramadeira.com.br/armario-de-cozinha-compacta-120cm-cinza-nice-01-cinza-355744278.html?index=vr-prod-poc-madeira-listings-best-seller-desc&seller=17012 | C35: Armário de Cozinha Compacta 120cm Cinza Nice Madesa 01 Cinza | D35: WEB - MADEIRA | H35: =IF(SUMIFS(Negociados!C:C,Negociados!B:B,E35,Negociados!A:A,A34,Negociados!D:D,"<="&$E$1,Negociados!E:E,">="&$E$1),SUMIFS(Negociados!C:C,Negociados!B:B,E35,Negociados!A:A,A34,Negociados!D:D,"<="&$E$1,Negociados!E:E,">="&$E$1),19%) -> 0.19
A36: 1082093E | B36: https://www.madeiramadeira.com.br/guarda-roupa-casal-madesa-napoli-3-portas-de-correr-com-espelho-branco-cor-branco-384676114.html?index=prod-poc-madeira | C36: Guarda-Roupa Casal Madesa Napoli 3 Portas de Correr com Espelho - Branco | D36: WEB - MADEIRA | H36: =IF(SUMIFS(Negociados!C:C,Negociados!B:B,E36,Negociados!A:A,A35,Negociados!D:D,"<="&$E$1,Negociados!E:E,">="&$E$1),SUMIFS(Negociados!C:C,Negociados!B:B,E36,Negociados!A:A,A35,Negociados!D:D,"<="&$E$1,Negociados!E:E,">="&$E$1),19%) -> 0.19
A37: 104409A | B37: https://www.madeiramadeira.com.br/guarda-roupas-luke-branco-2-portas-de-correr-madesa-823701488.html?index=prod-poc-madeira&seller=17012 | C37: Guarda-Roupa Solteiro Madesa Luke 2 Portas de Correr de Madeira Branco | D37: WEB - MADEIRA | H37: =IF(SUMIFS(Negociados!C:C,Negociados!B:B,E37,Negociados!A:A,A36,Negociados!D:D,"<="&$E$1,Negociados!E:E,">="&$E$1),SUMIFS(Negociados!C:C,Negociados!B:B,E37,Negociados!A:A,A36,Negociados!D:D,"<="&$E$1,Negociados!E:E,">="&$E$1),19%) -> 0.19
A38: GRAG1200027K | B38: https://www.madeiramadeira.com.br/cozinha-compacta-madesa-agata-120002-com-armario-e-balcao-sem-tampo-e-pia-rustic-preto-cor-rustic-745393260.html?index=prod-poc-madeira&seller=17012 | C38: Cozinha Compacta Madesa Agata 120002 com Armário e Balcão (Sem Tampo e Pia) - Rustic/Preto Rustic/Preto | D38: WEB - MADEIRA | H38: =IF(SUMIFS(Negociados!C:C,Negociados!B:B,E38,Negociados!A:A,A37,Negociados!D:D,"<="&$E$1,Negociados!E:E,">="&$E$1),SUMIFS(Negociados!C:C,Negociados!B:B,E38,Negociados!A:A,A37,Negociados!D:D,"<="&$E$1,Negociados!E:E,">="&$E$1),19%) -> 0.19
A39: MDJA0601337GSIM | B39: https://www.madeiramadeira.com.br/conjunto-sala-de-jantar-mesa-tampo-de-vidro-6-cadeiras-rust-905165098.html?index=prod-poc-madeira&seller=17012 | C39: Conjunto Sala de Jantar Mesa Tampo de Vidro 6 Cadeiras Rustic/Crema/Imperial Stéfani Madesa Rustic/Crema/Imperial | D39: WEB - MADEIRA | H39: =IF(SUMIFS(Negociados!C:C,Negociados!B:B,E39,Negociados!A:A,A38,Negociados!D:D,"<="&$E$1,Negociados!E:E,">="&$E$1),SUMIFS(Negociados!C:C,Negociados!B:B,E39,Negociados!A:A,A38,Negociados!D:D,"<="&$E$1,Negociados!E:E,">="&$E$1),19%) -> 0.19
A40: G200807K8N | B40: https://www.madeiramadeira.com.br/cozinha-compacta-madesa-reims-com-balcao-5-portas-3-gavetas-preto-cor-preto-994226401.html?index=prod-poc-madeira&seller=17012 | C40: Cozinha Compacta Madesa Reims com Balcão - 5 Portas 3 Gavetas Preto | D40: WEB - MADEIRA | H40: =IF(SUMIFS(Negociados!C:C,Negociados!B:B,E40,Negociados!A:A,A39,Negociados!D:D,"<="&$E$1,Negociados!E:E,">="&$E$1),SUMIFS(Negociados!C:C,Negociados!B:B,E40,Negociados!A:A,A39,Negociados!D:D,"<="&$E$1,Negociados!E:E,">="&$E$1),19%) -> 0.19
A41: GCNC4050033B | B41: https://www.madeiramadeira.com.br/armario-de-cozinha-completa-de-canto-suspenso-405cm-nice-madesa-03-cinza-703310513.html?index=prod-poc-madeira&seller=17012 | C41: Armário de Cozinha Completa de Canto Suspenso 405cm Cinza Nice Madesa 03 Cinza | D41: WEB - MADEIRA | H41: =IF(SUMIFS(Negociados!C:C,Negociados!B:B,E41,Negociados!A:A,A40,Negociados!D:D,"<="&$E$1,Negociados!E:E,">="&$E$1),SUMIFS(Negociados!C:C,Negociados!B:B,E41,Negociados!A:A,A40,Negociados!D:D,"<="&$E$1,Negociados!E:E,">="&$E$1),19%) -> 0.19
A42: G200778NRM | B42: https://www.madeiramadeira.com.br/kit-madesa-reims-120-cm-com-armario-aereo-e-balcao-gabinete-de-pia-preto-cor-preto-922047595.html?index=prod-poc-madeira&seller=17012 | C42: Kit Madesa Reims 120 cm com Armário Aéreo e Balcão Gabinete de Pia - Preto Preto | D42: WEB - MADEIRA | H42: =IF(SUMIFS(Negociados!C:C,Negociados!B:B,E42,Negociados!A:A,A41,Negociados!D:D,"<="&$E$1,Negociados!E:E,">="&$E$1),SUMIFS(Negociados!C:C,Negociados!B:B,E42,Negociados!A:A,A41,Negociados!D:D,"<="&$E$1,Negociados!E:E,">="&$E$1),19%) -> 0.19
A43: 70087K | B43: https://www.madeiramadeira.com.br/rack-para-tv-ate-65-polegadas-madesa-cancun-rustic-preto-cor-rustic-preto-848340004.html?index=prod-poc-madeira&seller=17012 | C43: Rack para TV até 65 Polegadas Madesa Cancun - Rustic/Preto Rustic/Preto | D43: WEB - MADEIRA | H43: =IF(SUMIFS(Negociados!C:C,Negociados!B:B,E43,Negociados!A:A,A42,Negociados!D:D,"<="&$E$1,Negociados!E:E,">="&$E$1),SUMIFS(Negociados!C:C,Negociados!B:B,E43,Negociados!A:A,A42,Negociados!D:D,"<="&$E$1,Negociados!E:E,">="&$E$1),19%) -> 0.19
... A45: 106309 | B45: https://www.madeiramadeira.com.br/guarda-roupa-royale-casal-100-mdf-3-portas-correr-madesa-241241877.html?index=prod-poc-madeira&seller=17012 | C45: Guarda Roupa Casal 100% MDF Madesa Royale 3 Portas de Correr - Branco Branco | D45: WEB - MADEIRA | H45: =IF(SUMIFS(Negociados!C:C,Negociados!B:B,E45,Negociados!A:A,A44,Negociados!D:D,"<="&$E$1,Negociados!E:E,">="&$E$1),SUMIFS(Negociados!C:C,Negociados!B:B,E45,Negociados!A:A,A44,Negociados!D:D,"<="&$E$1,Negociados!E:E,">="&$E$1),19%) -> 0.19
H46: =IF(SUMIFS(Negociados!C:C,Negociados!B:B,E46,Negociados!A:A,A45,Negociados!D:D,"<="&$E$1,Negociados!E:E,">="&$E$1),SUMIFS(Negociados!C:C,Negociados!B:B,E46,Negociados!A:A,A45,Negociados!D:D,"<="&$E$1,Negociados!E:E,">="&$E$1),19%) -> 0.19

Sheet SHOPEE
E1: 45950
A2: Cód. Madesa | B2: LINK | C2: Descrição | D2: Canal | E2: Preço | F2: FRETE | G2: PRAZO | H2: Comissão
A3: MDJA0401627KPT | B3: https://shopee.com.br/Conjunto-Sala-De-Jantar-Mesa-Tampo-De-Madeira-4-Cadeiras-Rustic-preto-Briana-Madesa-Rustic-preto-i.1215229492.19098264698?sp_atk=41459c34-dc62-481e-a363-7c967eef2c6a&xptdk=41459c34-dc62-481e-a363-7c967eef2c6a | C3: Conjunto Sala De Jantar Mesa Tampo De Madeira 4 Cadeiras Rustic/preto Briana Madesa Rustic/preto | D3: WEB - Shopee | E3: 359.97 | F3: 39.9 | G3: 7 | H3: =IF(SUMIFS(Negociados!C:C,Negociados!B:B,E3,Negociados!A:A,A3,Negociados!D:D,"<="&$E$1,Negociados!E:E,">="&$E$1),SUMIFS(Negociados!C:C,Negociados!B:B,E3,Negociados!A:A,A3,Negociados!D:D,"<="&$E$1,Negociados!E:E,">="&$E$1),19%) -> 0.19
A4: G258315ZPRSU | B4: https://shopee.com.br/Cristaleira-Suspensa-70-Cm-2-Portas-De-Vidro-Rustic-Madesa-i.1215229492.19898263253?sp_atk=705e4e56-20da-42fb-8f19-0815cf0c56b5&xptdk=705e4e56-20da-42fb-8f19-0815cf0c56b5 | C4: Cristaleira Suspensa 70 Cm 2 Portas De Vidro Rustic Madesa | D4: WEB - Shopee | E4: 359.97 | F4: 39.9 | G4: 7 | H4: =IF(SUMIFS(Negociados!C:C,Negociados!B:B,E4,Negociados!A:A,A4,Negociados!D:D,"<="&$E$1,Negociados!E:E,">="&$E$1),SUMIFS(Negociados!C:C,Negociados!B:B,E4,Negociados!A:A,A4,Negociados!D:D,"<="&$E$1,Negociados!E:E,">="&$E$1),19%) -> 0.19
A5: GRNC1200013B | B5: https://shopee.com.br/Arm%C3%A1rio-De-Cozinha-Compacta-120cm-Cinza-Nice-01-Cinza-i.1215229492.22198726738?sp_atk=3cdf9908-008c-4f7d-825a-f2b8cbe2b3ee&xptdk=3cdf9908-008c-4f7d-825a-f2b8cbe2b3ee | C5: Armário De Cozinha Compacta 120cm Cinza Nice 01 Cinza | D5: WEB - Shopee | H5: =IF(SUMIFS(Negociados!C:C,Negociados!B:B,E5,Negociados!A:A,A5,Negociados!D:D,"<="&$E$1,Negociados!E:E,">="&$E$1),SUMIFS(Negociados!C:C,Negociados!B:B,E5,Negociados!A:A,A5,Negociados!D:D,"<="&$E$1,Negociados!E:E,">="&$E$1),19%) -> 0.19
A6: MDDR01001009 | B6: https://shopee.com.br/Escrivaninha-Penteadeira-136cm-1-Porta-3-Gavetas-Tampo-De-Vidro-Madesa-Branco-i.1215229492.22498712003?sp_atk=afc5359d-d3c2-456b-9e9f-998bf564de4c&xptdk=afc5359d-d3c2-456b-9e9f-998bf564de4c | C6: Escrivaninha Penteadeira 136cm 1 Porta 3 Gavetas Tampo De Vidro Madesa Branco | D6: WEB - Shopee | H6: =IF(SUMIFS(Negociados!C:C,Negociados!B:B,E6,Negociados!A:A,A6,Negociados!D:D,"<="&$E$1,Negociados!E:E,">="&$E$1),SUMIFS(Negociados!C:C,Negociados!B:B,E6,Negociados!A:A,A6,Negociados!D:D,"<="&$E$1,Negociados!E:E,">="&$E$1),19%) -> 0.19
A7: 42917G4XTPER | B7: https://shopee.com.br/Kit-4-Cadeiras-P%C3%A9rola-Madesa-4291-i.1215229492.18099954966?sp_atk=84f9ca90-4689-419a-b11a-20ac5745b855&xptdk=84f9ca90-4689-419a-b11a-20ac5745b855 | C7: Kit 4 Cadeiras Pérola Madesa 4291 | D7: WEB - Shopee | H7: =IF(SUMIFS(Negociados!C:C,Negociados!B:B,E7,Negociados!A:A,A7,Negociados!D:D,"<="&$E$1,Negociados!E:E,">="&$E$1),SUMIFS(Negociados!C:C,Negociados!B:B,E7,Negociados!A:A,A7,Negociados!D:D,"<="&$E$1,Negociados!E:E,">="&$E$1),19%) -> 0.19
A8: 70145Z3 | B8: https://shopee.com.br/Buffet-Aparador-Rustic-3-Gavetas-2-Portas-P%C3%A9s-Madesa-i.1215229492.23998697295?sp_atk=40aacfd9-9aa8-46a4-ab97-f35e819b19cc&xptdk=40aacfd9-9aa8-46a4-ab97-f35e819b19cc | C8: Buffet Aparador Rustic 3 Gavetas 2 Portas Pés Madesa | D8: WEB - Shopee | H8: =IF(SUMIFS(Negociados!C:C,Negociados!B:B,E8,Negociados!A:A,A8,Negociados!D:D,"<="&$E$1,Negociados!E:E,">="&$E$1),SUMIFS(Negociados!C:C,Negociados!B:B,E8,Negociados!A:A,A8,Negociados!D:D,"<="&$E$1,Negociados!E:E,">="&$E$1),19%) -> 0.19
A9: MDFC0100096E | B9: https://shopee.com.br/Escrivaninha-Em-L-Mesa-Para-Computador-Gamer-3-Gavetas-Branco-rustic-Lisboa-Madesa-i.1215229492.22594215341?sp_atk=dc3eef34-1b65-4791-8194-6dcc022acffd&xptdk=dc3eef34-1b65-4791-8194-6dcc022acffd | C9: Escrivaninha Em L Mesa Para Computador Gamer 3 Gavetas Branco/rustic Lisboa Madesa | D9: WEB - Shopee | H9: =IF(SUMIFS(Negociados!C:C,Negociados!B:B,E9,Negociados!A:A,A9,Negociados!D:D,"<="&$E$1,Negociados!E:E,">="&$E$1),SUMIFS(Negociados!C:C,Negociados!B:B,E9,Negociados!A:A,A9,Negociados!D:D,"<="&$E$1,Negociados!E:E,">="&$E$1),19%) -> 0.19
A10: GCEM4170027K | B10: https://shopee.com.br/Arm%C3%A1rio-De-Cozinha-Completa-De-Canto-417cm-Rustic-Preto-Emilly-Madesa-02-i.1215229492.23698711805?sp_atk=3efb28f6-934c-45f2-9db2-4e6c3b2450bb&xptdk=3efb28f6-934c-45f2-9db2-4e6c3b2450bb | C10: Armário De Cozinha Completa De Canto 417cm Rustic/Preto Emilly Madesa 02 | D10: WEB - Shopee | H10: =IF(SUMIFS(Negociados!C:C,Negociados!B:B,E10,Negociados!A:A,A10,Negociados!D:D,"<="&$E$1,Negociados!E:E,">="&$E$1),SUMIFS(Negociados!C:C,Negociados!B:B,E10,Negociados!A:A,A10,Negociados!D:D,"<="&$E$1,Negociados!E:E,">="&$E$1),19%) -> 0.19
A11: 6990091 | B11: https://shopee.com.br/Estante-Escada-para-Livros-com-4-Prateleiras-Madesa-i.1215229492.23394215175?sp_atk=3c6172ca-2480-4912-9cbc-fce7ffe6c190&xptdk=3c6172ca-2480-4912-9cbc-fce7ffe6c190 | C11: Estante Escada para Livros com 4 Prateleiras Madesa | D11: WEB - Shopee | H11: =IF(SUMIFS(Negociados!C:C,Negociados!B:B,E11,Negociados!A:A,A11,Negociados!D:D,"<="&$E$1,Negociados!E:E,">="&$E$1),SUMIFS(Negociados!C:C,Negociados!B:B,E11,Negociados!A:A,A11,Negociados!D:D,"<="&$E$1,Negociados!E:E,">="&$E$1),19%) -> 0.19
A12: MDJA0400885ZFLH | B12: https://shopee.com.br/Conjunto-Jantar-Madesa-Luana-Mesa-Madeira-4-Cadeira-Floral-i.1215229492.19799841728?sp_atk=edb31201-43e3-44f9-9528-9cefc558e424&xptdk=edb31201-43e3-44f9-9528-9cefc558e424 | C12: Conjunto Jantar Madesa Luana Mesa Madeira 4 Cadeira Floral | D12: WEB - Shopee | H12: =IF(SUMIFS(Negociados!C:C,Negociados!B:B,E12,Negociados!A:A,A12,Negociados!D:D,"<="&$E$1,Negociados!E:E,">="&$E$1),SUMIFS(Negociados!C:C,Negociados!B:B,E12,Negociados!A:A,A12,Negociados!D:D,"<="&$E$1,Negociados!E:E,">="&$E$1),19%) -> 0.19
A13: 72705Z1 | B13: https://shopee.com.br/Buffet-Aparador-Para-Sala-De-Jantar-Madesa-3-Portas-Rustic-i.1215229492.23998697304?sp_atk=5aa5aa94-58b8-4586-9785-133f901d6a0f&xptdk=5aa5aa94-58b8-4586-9785-133f901d6a0f | C13: Buffet Aparador Para Sala De Jantar Madesa 3 Portas Rustic | D13: WEB - Shopee | H13: =IF(SUMIFS(Negociados!C:C,Negociados!B:B,E13,Negociados!A:A,A13,Negociados!D:D,"<="&$E$1,Negociados!E:E,">="&$E$1),SUMIFS(Negociados!C:C,Negociados!B:B,E13,Negociados!A:A,A13,Negociados!D:D,"<="&$E$1,Negociados!E:E,">="&$E$1),19%) -> 0.19
A14: XA70145Z3 | B14: https://shopee.com.br/Buffet-Aparador-Madesa-7014-com-3-Gavetas-e-2-Portas-com-P%C3%A9s-i.1215229492.18799847303?sp_atk=48f06f6e-5316-465a-b58b-1c95054f2f47&xptdk=48f06f6e-5316-465a-b58b-1c95054f2f47 | C14: Buffet Aparador Madesa 7014 com 3 Gavetas e 2 Portas com Pés | D14: WEB - Shopee | H14: =IF(SUMIFS(Negociados!C:C,Negociados!B:B,E14,Negociados!A:A,A14,Negociados!D:D,"<="&$E$1,Negociados!E:E,">="&$E$1),SUMIFS(Negociados!C:C,Negociados!B:B,E14,Negociados!A:A,A14,Negociados!D:D,"<="&$E$1,Negociados!E:E,">="&$E$1),19%) -> 0.19
A15: MDES0200195Z5Z | B15: https://shopee.com.br/Rack-Com-Painel-Tv-At%C3%A9-65-Polegadas-Detroit-Madesa-Rustic-i.1215229492.21398258201?sp_atk=c861166b-18c4-4e1a-a12e-b36fcdfcaef7&xptdk=c861166b-18c4-4e1a-a12e-b36fcdfcaef7 | C15: Rack com Painel para TV até 65 Polegadas com Pés Rustic Detroit Madesa Rustic | D15: WEB - Shopee | H15: =IF(SUMIFS(Negociados!C:C,Negociados!B:B,E15,Negociados!A:A,A15,Negociados!D:D,"<="&$E$1,Negociados!E:E,">="&$E$1),SUMIFS(Negociados!C:C,Negociados!B:B,E15,Negociados!A:A,A15,Negociados!D:D,"<="&$E$1,Negociados!E:E,">="&$E$1),19%) -> 0.19
A16: 044765ZXTPER | B16: https://shopee.com.br/Conjunto-Sala-de-Jantar-Magda-Madesa-Tampo-Vidro-4-Cadeiras-i.1215229492.19398264694?sp_atk=6662585f-968e-47b9-b1d8-3460f646895e&xptdk=6662585f-968e-47b9-b1d8-3460f646895e | C16: Conjunto Sala de Jantar Madesa Magda Mesa Tampo de Vidro com 4 Cadeiras - Rustic/Pérola Rustic/Pérola | D16: WEB - Shopee | H16: =IF(SUMIFS(Negociados!C:C,Negociados!B:B,E16,Negociados!A:A,A16,Negociados!D:D,"<="&$E$1,Negociados!E:E,">="&$E$1),SUMIFS(Negociados!C:C,Negociados!B:B,E16,Negociados!A:A,A16,Negociados!D:D,"<="&$E$1,Negociados!E:E,">="&$E$1),19%) -> 0.19
... A42: MDJA0400885ZFBM | B42: https://shopee.com.br/Conjunto-Jantar-Madesa-Luana-Mesa-Madeira-4-Cadeira-Floral-i.1215229492.19799841728?sp_atk=ee4daed8-c8b6-417b-b122-31efb2d8bb53&xptdk=ee4daed8-c8b6-417b-b122-31efb2d8bb53 | C42: Conjunto Sala de Jantar Madesa Luana Mesa Tampo de Madeira com 4 Cadeiras - Rustic/Bege Marrom Rustic/Bege Marrom | D42: WEB - Shopee | H42: =IF(SUMIFS(Negociados!C:C,Negociados!B:B,E42,Negociados!A:A,A42,Negociados!D:D,"<="&$E$1,Negociados!E:E,">="&$E$1),SUMIFS(Negociados!C:C,Negociados!B:B,E42,Negociados!A:A,A42,Negociados!D:D,"<="&$E$1,Negociados!E:E,">="&$E$1),19%) -> 0.19

Sheet MAGALU
B1: Link | E1: 05/nov | F1: Coluna1 | G1: Coluna2 | H1: Coluna3 | I1: Coluna4 | J1: Coluna5
A2: Cód. Madesa | B2: https://www.magazineluiza.com.br/armario-de-cozinha-completa-270cm-rustic-preto-agata-madesa/p/gj225afjd9/mo/mcoz/?seller_id=lojawebcontinentalmarketplace | C2: Descrição | D2: Canal | E2: Preço | F2: a vista | H2: FRETE | I2: PRAZO | J2: Comissão
A3: GRAG2700077K | B3: https://www.magazineluiza.com.br/cozinha-completa-madesa-reims-com-armario-e-balcao-branco/p/kk298e9jbj/mo/mocz/?seller_id=lojawebcontinentalmarketplace | C3: Armário de Cozinha Completa 270cm Rustic/Preto Agata Madesa 07 Rustic/Preto | D3: WEB - Magalu | E3: 2.039,88 | F3: 1937 | G3: =((E3-F3)/E3) -> 0.050434339 | H3: Grátis | I3: 7 | J3: =IF(SUMIFS(Negociados!C:C,Negociados!B:B,E3,Negociados!A:A,A3,Negociados!D:D,"<="&$E$1,Negociados!E:E,">="&$E$1),SUMIFS(Negociados!C:C,Negociados!B:B,E3,Negociados!A:A,A3,Negociados!D:D,"<="&$E$1,Negociados!E:E,">="&$E$1),19%) -> 0.13
A4: GRRM23500209 | B4: https://www.magazineluiza.com.br/conjunto-sala-de-jantar-mesa-tampo-vidro-2-cadeiras-madesa/p/bf6h32e6a9/mo/ms4j/?seller_id=lojawebcontinentalmarketplace | C4: Cozinha Completa Madesa Reims 235002 com Armário e Balcão - Branco Branco | D4: WEB - Magalu | E4: 1.679,88 | F4: 1595 | G4: =((E4-F4)/E4) -> 0.050527419 | H4: Grátis | I4: 7 | J4: =IF(SUMIFS(Negociados!C:C,Negociados!B:B,E4,Negociados!A:A,A4,Negociados!D:D,"<="&$E$1,Negociados!E:E,">="&$E$1),SUMIFS(Negociados!C:C,Negociados!B:B,E4,Negociados!A:A,A4,Negociados!D:D,"<="&$E$1,Negociados!E:E,">="&$E$1),19%) -> 0.13
A5: MDJA0200035ZPER | B5: https://www.magazineluiza.com.br/conjunto-sala-de-jantar-madesa-mesa-tampo-madeira-6-cadeiras/p/ab02j381fj/mo/ms4j/?seller_id=lojawebcontinentalmarketplace | C5: Conjunto Sala de Jantar Madesa Moni Mesa Tampo de Vidro com 2 Cadeiras - Rustic/Crema/Pérola Rustic/Crema/Pérola | D5: WEB - Magalu | E5: 499,88 | F5: 474 | G5: =((E5-F5)/E5) -> 0.051772425 | H5: Grátis | J5: =IF(SUMIFS(Negociados!C:C,Negociados!B:B,E5,Negociados!A:A,A5,Negociados!D:D,"<="&$E$1,Negociados!E:E,">="&$E$1),SUMIFS(Negociados!C:C,Negociados!B:B,E5,Negociados!A:A,A5,Negociados!D:D,"<="&$E$1,Negociados!E:E,">="&$E$1),19%) -> 0.13
A6: 045647GX6TFBM | B6: https://www.magazineluiza.com.br/armario-de-cozinha-completa-240-cm-nice-madesa-02-crema/p/jk383d0ba0/mo/moac/?seller_id=lojawebcontinentalmarketplace | C6: Conjunto Sala de Jantar Madesa Miriam Mesa Tampo de Madeira 6 Cadeiras - Rustic/Crema/Bege Marrom Rustic/Crema/Bege Marrom | D6: WEB - Magalu | E6: 799,99 | F6: 759 | G6: =((E6-F6)/E6) -> 0.05123814 | H6: Grátis | J6: =IF(SUMIFS(Negociados!C:C,Negociados!B:B,E6,Negociados!A:A,A6,Negociados!D:D,"<="&$E$1,Negociados!E:E,">="&$E$1),SUMIFS(Negociados!C:C,Negociados!B:B,E6,Negociados!A:A,A6,Negociados!D:D,"<="&$E$1,Negociados!E:E,">="&$E$1),19%) -> 0.19
A7: GRNC2400027P | B7: https://www.magazineluiza.com.br/armario-de-cozinha-completa-de-canto-mdf-409cm-branco-preto-madesa/p/hfhjdh06eb/mo/moac/?seller_id=lojawebcontinentalmarketplace | C7: Armário de Cozinha Completa 240 cm Crema Nice Madesa 02 Crema | D7: WEB - Magalu | E7: 1.669,88 | F7: 1586 | G7: =((E7-F7)/E7) -> 0.050231154 | H7: Grátis | J7: =IF(SUMIFS(Negociados!C:C,Negociados!B:B,E7,Negociados!A:A,A7,Negociados!D:D,"<="&$E$1,Negociados!E:E,">="&$E$1),SUMIFS(Negociados!C:C,Negociados!B:B,E7,Negociados!A:A,A7,Negociados!D:D,"<="&$E$1,Negociados!E:E,">="&$E$1),19%) -> 0.13
A8: GCGM40900173 | B8: https://www.magazineluiza.com.br/cozinha-completa-459001-com-armario-e-balcao-rustic-cinza-madesa/p/jcg79745k5/mo/mocz/?seller_id=lojawebcontinentalmarketplace | C8: Armário de Cozinha Completa de Canto 100% MDF 409cm Branco/Preto Acordes Madesa 01 Branco/Preto | D8: WEB - Magalu | E8: 2.429,88 | F8: 2308 | G8: =((E8-F8)/E8) -> 0.050158856 | H8: Grátis | J8: =IF(SUMIFS(Negociados!C:C,Negociados!B:B,E8,Negociados!A:A,A8,Negociados!D:D,"<="&$E$1,Negociados!E:E,">="&$E$1),SUMIFS(Negociados!C:C,Negociados!B:B,E8,Negociados!A:A,A8,Negociados!D:D,"<="&$E$1,Negociados!E:E,">="&$E$1),19%) -> 0.13
A9: GCAG459001F9 | B9: https://www.magazineluiza.com.br/armario-cozinha-compacta-240cm-branco-rustic-madesa/p/fk4e63gfa7/mo/moac/?seller_id=lojawebcontinentalmarketplace | C9: Cozinha Completa de Canto Madesa Agata 459001 com Armário e Balcão (Sem Tampo e Pia) - Rustic/Cinza Rustic/Cinza | D9: WEB - Magalu | E9: 3.399,88 | F9: 3229 | G9: =((E9-F9)/E9) -> 0.050260597 | H9: Grátis | J9: =IF(SUMIFS(Negociados!C:C,Negociados!B:B,E9,Negociados!A:A,A9,Negociados!D:D,"<="&$E$1,Negociados!E:E,">="&$E$1),SUMIFS(Negociados!C:C,Negociados!B:B,E9,Negociados!A:A,A9,Negociados!D:D,"<="&$E$1,Negociados!E:E,">="&$E$1),19%) -> 0.13
A10: GRTE2400019B | B10: https://www.magazineluiza.com.br/armario-de-cozinha-completa-260-cm-suspenso-nice-madesa-11-crema/p/kg7k3ee9jc/mo/moac/?seller_id=lojawebcontinentalmarketplace | C10: Armário de Cozinha Compacta 240cm Branco/Rustic Stella Madesa 01 Branco/Rustic | D10: WEB - Magalu | E10: 1.189,88 | F10: 1130 | G10: =((E10-F10)/E10) -> 0.050324402 | H10: Grátis | J10: =IF(SUMIFS(Negociados!C:C,Negociados!B:B,E10,Negociados!A:A,A10,Negociados!D:D,"<="&$E$1,Negociados!E:E,">="&$E$1),SUMIFS(Negociados!C:C,Negociados!B:B,E10,Negociados!A:A,A10,Negociados!D:D,"<="&$E$1,Negociados!E:E,">="&$E$1),19%) -> 0.13
A11: GRNC2600117P | B11: https://www.magazineluiza.com.br/sala-de-jantar-rosie-rustic-hibiscos-mesa-4-cadeiras-madesa/p/ack0gh62fg/mo/ms6l/?seller_id=lojawebcontinentalmarketplace | C11: Armário de Cozinha Completa 260 cm Suspenso Crema Nice Madesa 11 Crema | D11: WEB - Magalu | E11: 1.529,88 | F11: 1453 | G11: =((E11-F11)/E11) -> 0.050252307 | H11: Grátis | J11: =IF(SUMIFS(Negociados!C:C,Negociados!B:B,E11,Negociados!A:A,A11,Negociados!D:D,"<="&$E$1,Negociados!E:E,">="&$E$1),SUMIFS(Negociados!C:C,Negociados!B:B,E11,Negociados!A:A,A11,Negociados!D:D,"<="&$E$1,Negociados!E:E,">="&$E$1),19%) -> 0.13
A12: 044705ZXTFLH | B12: https://www.magazineluiza.com.br/guarda-roupa-casal-3-portas-de-correr-com-espelho-madesa/p/dh434e358h/mo/guro/?seller_id=lojawebcontinentalmarketplace | C12: Conjunto Sala de Jantar Rosie Madesa Mesa Tampo de Madeira com 4 Cadeiras - Rustic/Hibiscos Rustic/Floral Hibiscos | D12: WEB - Magalu | E12: 559,88 | F12: 531 | G12: =((E12-F12)/E12) -> 0.051582482 | H12: Grátis | J12: =IF(SUMIFS(Negociados!C:C,Negociados!B:B,E12,Negociados!A:A,A12,Negociados!D:D,"<="&$E$1,Negociados!E:E,">="&$E$1),SUMIFS(Negociados!C:C,Negociados!B:B,E12,Negociados!A:A,A12,Negociados!D:D,"<="&$E$1,Negociados!E:E,">="&$E$1),19%) -> 0.13
A13: 10935Z1E2GCP | B13: https://www.magazineluiza.com.br/cozinha-completa-canto-madesa-reims-armario-e-balcao-branco/p/hhkabk45dh/mo/mocz/?seller_id=lojawebcontinentalmarketplace | C13: Guarda Roupa Casal Madesa Lyon 3 Portas de Correr com Espelho 2 Gavetas com Pés - Rustic Rustic | D13: WEB - Magalu | E13: 1.139,88 | F13: 1082 | G13: =((E13-F13)/E13) -> 0.050777275 | H13: Grátis | J13: =IF(SUMIFS(Negociados!C:C,Negociados!B:B,E13,Negociados!A:A,A13,Negociados!D:D,"<="&$E$1,Negociados!E:E,">="&$E$1),SUMIFS(Negociados!C:C,Negociados!B:B,E13,Negociados!A:A,A13,Negociados!D:D,"<="&$E$1,Negociados!E:E,">="&$E$1),19%) -> 0.13
A14: GCRM43700109 | B14: https://www.magazineluiza.com.br/cozinha-completa-300001-com-armario-e-balcao-preto-preto-madesa/p/ke289g77j9/mo/mocz/?seller_id=lojawebcontinentalmarketplace | C14: Cozinha Completa de Canto Madesa Reims 437001 com Armário e Balcão - Branco Branco | D14: WEB - Magalu | E14: 2.679,88 | F14: 2545 | G14: =((E14-F14)/E14) -> 0.050330612 | H14: Grátis | J14: =IF(SUMIFS(Negociados!C:C,Negociados!B:B,E14,Negociados!A:A,A14,Negociados!D:D,"<="&$E$1,Negociados!E:E,">="&$E$1),SUMIFS(Negociados!C:C,Negociados!B:B,E14,Negociados!A:A,A14,Negociados!D:D,"<="&$E$1,Negociados!E:E,">="&$E$1),19%) -> 0.13
A15: GRRM3000018N | B15: https://www.magazineluiza.com.br/guarda-roupa-solteiro-denver-2-portas-de-correr-madesa/p/ah19h65afh/mo/guro/?seller_id=lojawebcontinentalmarketplace | C15: Cozinha Completa Madesa Reims 300001 com Armário e Balcão - Preto Preto | D15: WEB - Magalu | E15: 1.719,88 | F15: 1633 | G15: =((E15-F15)/E15) -> 0.050515152 | H15: Grátis | J15: =IF(SUMIFS(Negociados!C:C,Negociados!B:B,E15,Negociados!A:A,A15,Negociados!D:D,"<="&$E$1,Negociados!E:E,">="&$E$1),SUMIFS(Negociados!C:C,Negociados!B:B,E15,Negociados!A:A,A15,Negociados!D:D,"<="&$E$1,Negociados!E:E,">="&$E$1),19%) -> 0.13
A16: 1094D8 | B16: https://www.magazineluiza.com.br/cozinha-315001-com-armario-balcao-e-bancada-rustic-branco-madesa/p/ba8hgbg68e/mo/mocz/?seller_id=lojawebcontinentalmarketplace | C16: Guarda-Roupa Solteiro Madesa Denver 2 Portas de Correr - Preto/Rustic Preto/Rustic | D16: WEB - Magalu | E16: 619,88 | F16: 588 | G16: =((E16-F16)/E16) -> 0.051429309 | H16: Grátis | J16: =IF(SUMIFS(Negociados!C:C,Negociados!B:B,E16,Negociados!A:A,A16,Negociados!D:D,"<="&$E$1,Negociados!E:E,">="&$E$1),SUMIFS(Negociados!C:C,Negociados!B:B,E16,Negociados!A:A,A16,Negociados!D:D,"<="&$E$1,Negociados!E:E,">="&$E$1),19%) -> 0.13
... A63: XAMDDR0200407K | B63: https://www.magazineluiza.com.br/mesa-tampo-de-madeira-com-4-cadeiras-rustic-preto-madesa/p/bf1886h57k/mo/otmo/ | C63: Guarda-Roupa Closet Modulado Valencia 2 Gavetas 129cm Rustic/Preto Madesa XA Rustic/Preto | D63: WEB - Magalu | E63: 659,88 | F63: 626 | G63: =((E63-F63)/E63) -> 0.051342668 | H63: Grátis | J63: =IF(SUMIFS(Negociados!C:C,Negociados!B:B,E63,Negociados!A:A,A63,Negociados!D:D,"<="&$E$1,Negociados!E:E,">="&$E$1),SUMIFS(Negociados!C:C,Negociados!B:B,E63,Negociados!A:A,A63,Negociados!D:D,"<="&$E$1,Negociados!E:E,">="&$E$1),19%) -> 0.13
A64: MDJA0400027KPT | C64: Conjunto Sala de Jantar Madesa Cali Mesa Tampo de Madeira com 4 Cadeiras - Rustic/Preto/Sint Preto Rustic/Preto/Sint Preto | D64: WEB - Magalu | E64: 659,88 | F64: 626 | G64: =((E64-F64)/E64) -> 0.051342668 | H64: Grátis | J64: =IF(SUMIFS(Negociados!C:C,Negociados!B:B,E64,Negociados!A:A,A64,Negociados!D:D,"<="&$E$1,Negociados!E:E,">="&$E$1),SUMIFS(Negociados!C:C,Negociados!B:B,E64,Negociados!A:A,A64,Negociados!D:D,"<="&$E$1,Negociados!E:E,">="&$E$1),19%) -> 0.13

Sheet MELI
F1: 45833 | N1: 45784 | V1: 45705
A2: SKU | B2: WEBCOPRIME | C2: WEB CONTINENTAL | D2: DESCRIÇÃO | E2: NEGOCIAÇÃO | F2: PRIME | G2: Frete | H2: Prazo | I2: Comissão | J2: WEB | K2: Frete | L2: Prazo | M2: Comissão | N2: PRIME | O2: Frete | P2: Prazo | Q2: Comissão | R2: WEB | S2: Frete | T2: Prazo | U2: Comissão | V2: PRIME | W2: Frete | X2: Prazo | Y2: Comissão | Z2: WEB | AA2: Frete | AB2: Prazo | AC2: Comissão
A3: 42905Z4XTPT | B3: https://www.mercadolivre.com.br/kit-4-cadeiras-4290-madesa-rusticpreto-cor-da-estrutura-da-cadeira-rustic-cor-do-assento-preto-desenho-do-tecido-preto/p/MLB26868684?pdp_filters=adult_content%3Ayes%7Cseller_id%3A618210172#polycard_client=search-nordic&wid=MLB3776944271&sid=search&searchVariation=MLB26868684&position=1&search_layout=grid&type=product&tracking_id=51462268-8dd5-45fe-8944-5455a3207abf | C3: https://www.mercadolivre.com.br/kit-4-cadeiras-4290-madesa-rusticpreto-cor-da-estrutura-da-cadeira-rustic-cor-do-assento-preto-desenho-do-tecido-preto/p/MLB26868684?pdp_filters=official_store%3A869#polycard_client=search-nordic&wid=MLB4887794640&sid=search&searchVariation=MLB26868684&position=1&search_layout=grid&type=product&tracking_id=3ada75a7-5305-4e68-b085-8d5e6a4e6ce1 | D3: Kit 4 Cadeiras 4290 Madesa Rustic/Preto | E3: WEB - MELI | F3: 339.98 | H3: 7 | I3: =IF(SUMIFS(Negociados!C:C,Negociados!B:B,F3,Negociados!A:A,A3,Negociados!D:D,"<="&$F$1,Negociados!E:E,">="&$F$1),SUMIFS(Negociados!C:C,Negociados!B:B,F3,Negociados!A:A,A3,Negociados!D:D,"<="&$F$1,Negociados!E:E,">="&$F$1),19%) -> 0.19 | M3: =IF(SUMIFS(Negociados!C:C,Negociados!B:B,J3,Negociados!A:A,A3,Negociados!D:D,"<="&$F$1,Negociados!E:E,">="&$F$1),SUMIFS(Negociados!C:C,Negociados!B:B,J3,Negociados!A:A,A3,Negociados!D:D,"<="&$F$1,Negociados!E:E,">="&$F$1),19%) -> 0.19 | N3: 339.98 | O3: Grátis | P3: 6 | Q3: 0.13 | U3: =IF(SUMIFS(Negociados!K:K,Negociados!J:J,R3,Negociados!I:I,I3,Negociados!L:L,"<="&$F$1,Negociados!M:M,">="&$F$1),SUMIFS(Negociados!K:K,Negociados!J:J,R3,Negociados!I:I,I3,Negociados!L:L,"<="&$F$1,Negociados!M:M,">="&$F$1),19%) -> 0.19 | V3: 339.98 | W3: 66.7 | X3: 10 | Y3: 0.15 | Z3: 339.98 | AA3: 66.7 | AB3: 10 | AC3: 0.15
A4: MDJA060017D8PT | B4: https://www.mercadolivre.com.br/sala-jantar-madesa-medelin-mesa-tampo-madeira-6-cadeiras-prs-cor-pretorusticsint-preto-mdja060017d8pt/p/MLB23563597?pdp_filters=adult_content%3Ayes%7Cseller_id%3A618210172#polycard_client=search-nordic&wid=MLB4902879524&sid=search&searchVariation=MLB23563597&position=1&search_layout=grid&type=product&tracking_id=14e657b6-7b72-48b8-9d07-76954de2c4a1 | C4: https://www.mercadolivre.com.br/sala-jantar-madesa-medelin-mesa-tampo-madeira-6-cadeiras-prs-cor-pretorusticsint-preto-mdja060017d8pt/p/MLB23563597?pdp_filters=official_store%3A869#polycard_client=search-nordic&wid=MLB4251813772&sid=search&searchVariation=MLB23563597&position=1&search_layout=grid&type=product&tracking_id=8ecd1450-b4e5-4cab-8176-9a6f75bc4846 | D4: Conjunto Sala de Jantar Madesa Medelin Mesa Tampo de Madeira com 6 Cadeiras Preto/Rustic/Sintético Preto | E4: WEB - MELI | F4: 699.98 | H4: 8 | I4: =IF(SUMIFS(Negociados!C:C,Negociados!B:B,F4,Negociados!A:A,A4,Negociados!D:D,"<="&$F$1,Negociados!E:E,">="&$F$1),SUMIFS(Negociados!C:C,Negociados!B:B,F4,Negociados!A:A,A4,Negociados!D:D,"<="&$F$1,Negociados!E:E,">="&$F$1),19%) -> 0.19 | M4: =IF(SUMIFS(Negociados!C:C,Negociados!B:B,J4,Negociados!A:A,A4,Negociados!D:D,"<="&$F$1,Negociados!E:E,">="&$F$1),SUMIFS(Negociados!C:C,Negociados!B:B,J4,Negociados!A:A,A4,Negociados!D:D,"<="&$F$1,Negociados!E:E,">="&$F$1),19%) -> 0.19 | N4: 699.98 | O4: Grátis | P4: 7 | Q4: 0.13 | U4: =IF(SUMIFS(Negociados!K:K,Negociados!J:J,R4,Negociados!I:I,I4,Negociados!L:L,"<="&$F$1,Negociados!M:M,">="&$F$1),SUMIFS(Negociados!K:K,Negociados!J:J,R4,Negociados!I:I,I4,Negociados!L:L,"<="&$F$1,Negociados!M:M,">="&$F$1),19%) -> 0.19 | V4: 699.98 | W4: 83.9 | X4: 14 | Y4: 0.15 | Z4: 699.98 | AA4: 83.9 | AB4: 13 | AC4: 0.15
A5: MDJA040157F9FLH | B5: NÃO CADASTRADO | C5: https://www.mercadolivre.com.br/sala-jantar-mesa-tampo-madeira-4-cadeiras-samara-madesa-rcfh-cor-rusticcinzahibiscos-desenho-do-tecido-das-cadeiras-hibiscos/p/MLB26100827?pdp_filters=official_store%3A869#polycard_client=search-nordic&wid=MLB3776775099&sid=search&searchVariation=MLB26100827&position=1&search_layout=grid&type=product&tracking_id=c51b9afa-c1df-43ba-9fe9-f1052c5b0a18 | D5: Conjunto Sala de Jantar Mesa Tampo de Madeira 4 Cadeiras Rustic/Cinza/Floral Hibiscos Samara Madesa | E5: WEB - MELI | F5: - | I5: =IF(SUMIFS(Negociados!C:C,Negociados!B:B,F5,Negociados!A:A,A5,Negociados!D:D,"<="&$F$1,Negociados!E:E,">="&$F$1),SUMIFS(Negociados!C:C,Negociados!B:B,F5,Negociados!A:A,A5,Negociados!D:D,"<="&$F$1,Negociados!E:E,">="&$F$1),19%) -> 0.19 | M5: =IF(SUMIFS(Negociados!C:C,Negociados!B:B,J5,Negociados!A:A,A5,Negociados!D:D,"<="&$F$1,Negociados!E:E,">="&$F$1),SUMIFS(Negociados!C:C,Negociados!B:B,J5,Negociados!A:A,A5,Negociados!D:D,"<="&$F$1,Negociados!E:E,">="&$F$1),19%) -> 0.19 | N5: - | O5: - | P5: - | Q5: 0.19 | U5: =IF(SUMIFS(Negociados!K:K,Negociados!J:J,R5,Negociados!I:I,I5,Negociados!L:L,"<="&$F$1,Negociados!M:M,">="&$F$1),SUMIFS(Negociados!K:K,Negociados!J:J,R5,Negociados!I:I,I5,Negociados!L:L,"<="&$F$1,Negociados!M:M,">="&$F$1),19%) -> 0.19 | V5: 0 | W5: 0 | X5: 0 | Y5: 0.19 | Z5: 489.98 | AA5: 69.7 | AB5: 10 | AC5: 0.15
A6: 42805Z4XPE | B6: https://www.mercadolivre.com.br/kit-4-cadeiras-em-mdf-e-mdp-madesa/p/MLB23448435?pdp_filters=adult_content%3Ayes%7Cseller_id%3A618210172#polycard_client=search-nordic&wid=MLB3701858098&sid=search&searchVariation=MLB23448435&position=1&search_layout=grid&type=product&tracking_id=b3a1604b-0f00-4c2e-9814-8b520e495775 | C6: https://www.mercadolivre.com.br/kit-4-cadeiras-em-mdf-e-mdp-madesa/p/MLB23448435?pdp_filters=official_store%3A869#polycard_client=search-nordic&wid=MLB4309521738&sid=search&searchVariation=MLB23448435&position=1&search_layout=grid&type=product&tracking_id=cbc31811-34dc-4a9f-9d9e-43078326c2f4 | D6: Kit 4 Cadeiras 4280 Madesa Rustic/Crema/Sintético Bege | E6: WEB - MELI | I6: =IF(SUMIFS(Negociados!C:C,Negociados!B:B,F6,Negociados!A:A,A6,Negociados!D:D,"<="&$F$1,Negociados!E:E,">="&$F$1),SUMIFS(Negociados!C:C,Negociados!B:B,F6,Negociados!A:A,A6,Negociados!D:D,"<="&$F$1,Negociados!E:E,">="&$F$1),19%) -> 0.19 | M6: =IF(SUMIFS(Negociados!C:C,Negociados!B:B,J6,Negociados!A:A,A6,Negociados!D:D,"<="&$F$1,Negociados!E:E,">="&$F$1),SUMIFS(Negociados!C:C,Negociados!B:B,J6,Negociados!A:A,A6,Negociados!D:D,"<="&$F$1,Negociados!E:E,">="&$F$1),19%) -> 0.19 | N6: 399.98 | O6: Grátis | P6: 6 | Q6: 0.13 | U6: =IF(SUMIFS(Negociados!K:K,Negociados!J:J,R6,Negociados!I:I,I6,Negociados!L:L,"<="&$F$1,Negociados!M:M,">="&$F$1),SUMIFS(Negociados!K:K,Negociados!J:J,R6,Negociados!I:I,I6,Negociados!L:L,"<="&$F$1,Negociados!M:M,">="&$F$1),19%) -> 0.19 | V6: 399.98 | W6: 67.9 | X6: 10 | Y6: 0.15 | Z6: 399.98 | AA6: 67.9 | AB6: 10 | AC6: 0.15
A7: 42805Z4XPT | B7: NÃO CADASTRADO | C7: https://www.mercadolivre.com.br/kit-4-cadeiras-rustic-preto-madesa/p/MLB21787807?pdp_filters=official_store%3A869#polycard_client=search-nordic&wid=MLB4353956318&sid=search&searchVariation=MLB21787807&position=1&search_layout=grid&type=product&tracking_id=34837dcb-2b07-4b4f-90ab-b66d29195e03 | D7: Kit 4 Cadeiras 4280 Madesa Rustic/Preto | E7: WEB - MELI | I7: =IF(SUMIFS(Negociados!C:C,Negociados!B:B,F7,Negociados!A:A,A7,Negociados!D:D,"<="&$F$1,Negociados!E:E,">="&$F$1),SUMIFS(Negociados!C:C,Negociados!B:B,F7,Negociados!A:A,A7,Negociados!D:D,"<="&$F$1,Negociados!E:E,">="&$F$1),19%) -> 0.19 | M7: =IF(SUMIFS(Negociados!C:C,Negociados!B:B,J7,Negociados!A:A,A7,Negociados!D:D,"<="&$F$1,Negociados!E:E,">="&$F$1),SUMIFS(Negociados!C:C,Negociados!B:B,J7,Negociados!A:A,A7,Negociados!D:D,"<="&$F$1,Negociados!E:E,">="&$F$1),19%) -> 0.19 | Q7: 0.19 | U7: =IF(SUMIFS(Negociados!K:K,Negociados!J:J,R7,Negociados!I:I,I7,Negociados!L:L,"<="&$F$1,Negociados!M:M,">="&$F$1),SUMIFS(Negociados!K:K,Negociados!J:J,R7,Negociados!I:I,I7,Negociados!L:L,"<="&$F$1,Negociados!M:M,">="&$F$1),19%) -> 0.19 | V7: 0 | W7: 0 | X7: 0 | Y7: 0.19 | Z7: 399.98 | AA7: 67.9 | AB7: 10 | AC7: 0.15
A8: 42905Z4XTFLH | B8: https://www.mercadolivre.com.br/kit-4-cadeiras-4290-madesa-rustichibiscos-cor-da-estrutura-da-cadeira-rustic-cor-do-assento-hibiscos-42905z4xtflh/p/MLB21948626?pdp_filters=adult_content%3Ayes%7Cseller_id%3A618210172#polycard_client=search-nordic&wid=MLB3325439821&sid=search&searchVariation=MLB21948626&position=1&search_layout=grid&type=product&tracking_id=ba29c0d6-fcdf-4cd8-a9a9-6bfff03717c3 | C8: https://www.mercadolivre.com.br/kit-4-cadeiras-4290-madesa-rustichibiscos-cor-da-estrutura-da-cadeira-rustic-cor-do-assento-hibiscos-42905z4xtflh/p/MLB21948626?pdp_filters=official_store%3A869#polycard_client=search-nordic&wid=MLB3551849841&sid=search&searchVariation=MLB21948626&position=1&search_layout=grid&type=product&tracking_id=1fe82d55-1b95-425c-8ad2-a5a3070f4ee0 | D8: Kit 4 Cadeiras de Jantar 4290 Madesa Rustic/Hibiscos | E8: WEB - MELI | I8: =IF(SUMIFS(Negociados!C:C,Negociados!B:B,F8,Negociados!A:A,A8,Negociados!D:D,"<="&$F$1,Negociados!E:E,">="&$F$1),SUMIFS(Negociados!C:C,Negociados!B:B,F8,Negociados!A:A,A8,Negociados!D:D,"<="&$F$1,Negociados!E:E,">="&$F$1),19%) -> 0.19 | M8: =IF(SUMIFS(Negociados!C:C,Negociados!B:B,J8,Negociados!A:A,A8,Negociados!D:D,"<="&$F$1,Negociados!E:E,">="&$F$1),SUMIFS(Negociados!C:C,Negociados!B:B,J8,Negociados!A:A,A8,Negociados!D:D,"<="&$F$1,Negociados!E:E,">="&$F$1),19%) -> 0.19 | N8: 339.98 | O8: Grátis | P8: 6 | Q8: 0.13 | U8: =IF(SUMIFS(Negociados!K:K,Negociados!J:J,R8,Negociados!I:I,I8,Negociados!L:L,"<="&$F$1,Negociados!M:M,">="&$F$1),SUMIFS(Negociados!K:K,Negociados!J:J,R8,Negociados!I:I,I8,Negociados!L:L,"<="&$F$1,Negociados!M:M,">="&$F$1),19%) -> 0.19 | V8: 339.98 | W8: 66.7 | X8: 10 | Y8: 0.15 | Z8: 339.98 | AA8: 66.7 | AB8: 10 | AC8: 0.15
A9: 42905Z4XTLIB | B9: https://www.mercadolivre.com.br/kit-4-cadeiras-4290-madesa-rusticlirio-bege-cor-da-estrutura-da-cadeira-rustic-cor-do-assento-lirio-bege-42905z4xtlib/p/MLB21561222?pdp_filters=adult_content%3Ayes%7Cseller_id%3A618210172#polycard_client=search-nordic&wid=MLB3325575621&sid=search&searchVariation=MLB21561222&position=1&search_layout=grid&type=product&tracking_id=df23e6b0-c346-418c-85bf-87e2ede1de8a | C9: https://www.mercadolivre.com.br/kit-4-cadeiras-4290-madesa-rusticlirio-bege-cor-da-estrutura-da-cadeira-rustic-cor-do-assento-lirio-bege-42905z4xtlib/p/MLB21561222?pdp_filters=official_store%3A869#polycard_client=search-nordic&wid=MLB3614013349&sid=search&searchVariation=MLB21561222&position=1&search_layout=grid&type=product&tracking_id=4d104943-2d4c-47e0-bd40-d4cdaed79892 | D9: Kit 4 Cadeiras 4290 Madesa Rustic/Lírio Bege | E9: WEB - MELI | I9: =IF(SUMIFS(Negociados!C:C,Negociados!B:B,F9,Negociados!A:A,A9,Negociados!D:D,"<="&$F$1,Negociados!E:E,">="&$F$1),SUMIFS(Negociados!C:C,Negociados!B:B,F9,Negociados!A:A,A9,Negociados!D:D,"<="&$F$1,Negociados!E:E,">="&$F$1),19%) -> 0.19 | M9: =IF(SUMIFS(Negociados!C:C,Negociados!B:B,J9,Negociados!A:A,A9,Negociados!D:D,"<="&$F$1,Negociados!E:E,">="&$F$1),SUMIFS(Negociados!C:C,Negociados!B:B,J9,Negociados!A:A,A9,Negociados!D:D,"<="&$F$1,Negociados!E:E,">="&$F$1),19%) -> 0.19 | N9: 399.99 | O9: Grátis | P9: 6 | Q9: 0.19 | U9: =IF(SUMIFS(Negociados!K:K,Negociados!J:J,R9,Negociados!I:I,I9,Negociados!L:L,"<="&$F$1,Negociados!M:M,">="&$F$1),SUMIFS(Negociados!K:K,Negociados!J:J,R9,Negociados!I:I,I9,Negociados!L:L,"<="&$F$1,Negociados!M:M,">="&$F$1),19%) -> 0.19 | V9: 399.99 | W9: 67.9 | X9: 10 | Y9: 0.19 | Z9: 399.99 | AA9: 67.9 | AB9: 10 | AC9: 0.19
A10: 42905Z4XTPER | B10: https://www.mercadolivre.com.br/kit-4-cadeiras-de-jantar-madesa-rusticperola-cor-da-estrutura-da-cadeira-rustic-cor-do-assento-perola-42905z4xtper/p/MLB22129874?pdp_filters=adult_content%3Ayes%7Cseller_id%3A618210172#polycard_client=search-nordic&wid=MLB3658399454&sid=search&searchVariation=MLB22129874&position=1&search_layout=grid&type=product&tracking_id=d4374b16-1ac9-4132-89fc-9f0a15fc0d80 | C10: https://www.mercadolivre.com.br/kit-4-cadeiras-de-jantar-madesa-rusticperola-cor-da-estrutura-da-cadeira-rustic-cor-do-assento-perola-42905z4xtper/p/MLB22129874?pdp_filters=official_store%3A869#polycard_client=search-nordic&wid=MLB4322260876&sid=search&searchVariation=MLB22129874&position=1&search_layout=grid&type=product&tracking_id=5c6d20da-5920-4ce8-be37-bfe2157a2e72 | D10: Kit 4 Cadeiras 4290 Madesa Rustic/Sintético Bege | E10: WEB - MELI | I10: =IF(SUMIFS(Negociados!C:C,Negociados!B:B,F10,Negociados!A:A,A10,Negociados!D:D,"<="&$F$1,Negociados!E:E,">="&$F$1),SUMIFS(Negociados!C:C,Negociados!B:B,F10,Negociados!A:A,A10,Negociados!D:D,"<="&$F$1,Negociados!E:E,">="&$F$1),19%) -> 0.19 | M10: =IF(SUMIFS(Negociados!C:C,Negociados!B:B,J10,Negociados!A:A,A10,Negociados!D:D,"<="&$F$1,Negociados!E:E,">="&$F$1),SUMIFS(Negociados!C:C,Negociados!B:B,J10,Negociados!A:A,A10,Negociados!D:D,"<="&$F$1,Negociados!E:E,">="&$F$1),19%) -> 0.19 | N10: 339.98 | O10: Grátis | P10: 6 | Q10: 0.13 | U10: =IF(SUMIFS(Negociados!K:K,Negociados!J:J,R10,Negociados!I:I,I10,Negociados!L:L,"<="&$F$1,Negociados!M:M,">="&$F$1),SUMIFS(Negociados!K:K,Negociados!J:J,R10,Negociados!I:I,I10,Negociados!L:L,"<="&$F$1,Negociados!M:M,">="&$F$1),19%) -> 0.19 | V10: 339.98 | W10: 66.7 | X10: 10 | Y10: 0.15 | Z10: 339.98 | AA10: 66.7 | AB10: 10 | AC10: 0.15
A11: 42917G4XTPER | B11: https://www.mercadolivre.com.br/kit-4-cadeiras-de-jantar-4291-madesa-rusticcremaperola-cor-da-estrutura-da-cadeira-rusticcrema-cor-do-assento-perola-42917g4xtper/p/MLB21849174?pdp_filters=adult_content%3Ayes%7Cseller_id%3A618210172#polycard_client=search-nordic&wid=MLB3325620079&sid=search&searchVariation=MLB21849174&position=1&search_layout=grid&type=product&tracking_id=4f04444b-4d71-437f-83a1-d5b5641c9614 | C11: https://www.mercadolivre.com.br/kit-4-cadeiras-de-jantar-4291-madesa-rusticcremaperola-cor-da-estrutura-da-cadeira-rusticcrema-cor-do-assento-perola-42917g4xtper/p/MLB21849174?pdp_filters=official_store%3A869#polycard_client=search-nordic&wid=MLB3551853853&sid=search&searchVariation=MLB21849174&position=1&search_layout=grid&type=product&tracking_id=a3f66f92-55ff-42b3-836e-0cf37269b4b0 | D11: Kit 4 Cadeiras 4291 Madesa Rustic/Crema/Sintético Bege | E11: WEB - MELI | I11: =IF(SUMIFS(Negociados!C:C,Negociados!B:B,F11,Negociados!A:A,A11,Negociados!D:D,"<="&$F$1,Negociados!E:E,">="&$F$1),SUMIFS(Negociados!C:C,Negociados!B:B,F11,Negociados!A:A,A11,Negociados!D:D,"<="&$F$1,Negociados!E:E,">="&$F$1),19%) -> 0.19 | M11: =IF(SUMIFS(Negociados!C:C,Negociados!B:B,J11,Negociados!A:A,A11,Negociados!D:D,"<="&$F$1,Negociados!E:E,">="&$F$1),SUMIFS(Negociados!C:C,Negociados!B:B,J11,Negociados!A:A,A11,Negociados!D:D,"<="&$F$1,Negociados!E:E,">="&$F$1),19%) -> 0.19 | N11: 359.98 | O11: Grátis | P11: 6 | Q11: 0.13 | U11: =IF(SUMIFS(Negociados!K:K,Negociados!J:J,R11,Negociados!I:I,I11,Negociados!L:L,"<="&$F$1,Negociados!M:M,">="&$F$1),SUMIFS(Negociados!K:K,Negociados!J:J,R11,Negociados!I:I,I11,Negociados!L:L,"<="&$F$1,Negociados!M:M,">="&$F$1),19%) -> 0.19 | V11: 349.98 | W11: 66.9 | X11: 10 | Y11: 0.15 | Z11: 349.98 | AA11: 66.9 | AB11: 10 | AC11: 0.15
A12: 42905Z6XTLIB | B12: https://www.mercadolivre.com.br/kit-6-cadeiras-4290-madesa-rusticlirio-bege-cor-da-estrutura-da-cadeira-rustic-cor-do-assento-lirio-bege-desenho-do-tecido-lirio-bege/p/MLB21948630?pdp_filters=adult_content%3Ayes%7Cseller_id%3A618210172#polycard_client=search-nordic&wid=MLB3322469557&sid=search&searchVariation=MLB21948630&position=1&search_layout=grid&type=product&tracking_id=d173908b-bf09-47b1-8364-6e744bd002e3 | C12: https://www.mercadolivre.com.br/kit-6-cadeiras-4290-madesa-rusticlirio-bege-cor-da-estrutura-da-cadeira-rustic-cor-do-assento-lirio-bege-desenho-do-tecido-lirio-bege/p/MLB21948630?pdp_filters=official_store%3A869#polycard_client=search-nordic&wid=MLB3526881645&sid=search&searchVariation=MLB21948630&position=1&search_layout=grid&type=product&tracking_id=3fdbc617-5928-4d97-b0f7-1a481f78c3d2 | D12: Kit 6 Cadeiras de Jantar 4290 Madesa - Rustic/Lírio Bege | E12: WEB - MELI | I12: =IF(SUMIFS(Negociados!C:C,Negociados!B:B,F12,Negociados!A:A,A12,Negociados!D:D,"<="&$F$1,Negociados!E:E,">="&$F$1),SUMIFS(Negociados!C:C,Negociados!B:B,F12,Negociados!A:A,A12,Negociados!D:D,"<="&$F$1,Negociados!E:E,">="&$F$1),19%) -> 0.19 | M12: =IF(SUMIFS(Negociados!C:C,Negociados!B:B,J12,Negociados!A:A,A12,Negociados!D:D,"<="&$F$1,Negociados!E:E,">="&$F$1),SUMIFS(Negociados!C:C,Negociados!B:B,J12,Negociados!A:A,A12,Negociados!D:D,"<="&$F$1,Negociados!E:E,">="&$F$1),19%) -> 0.19 | N12: 499.98 | O12: Grátis | P12: 6 | Q12: 0.15 | U12: =IF(SUMIFS(Negociados!K:K,Negociados!J:J,R12,Negociados!I:I,I12,Negociados!L:L,"<="&$F$1,Negociados!M:M,">="&$F$1),SUMIFS(Negociados!K:K,Negociados!J:J,R12,Negociados!I:I,I12,Negociados!L:L,"<="&$F$1,Negociados!M:M,">="&$F$1),19%) -> 0.19 | V12: 489.98 | W12: 69.7 | X12: 10 | Y12: 0.15 | Z12: 489.98 | AA12: 69.7 | AB12: 10 | AC12: 0.15
A13: 42905Z6XTPER | B13: https://www.mercadolivre.com.br/kit-6-cadeiras-4290-madesa-rusticperola-cor-da-estrutura-da-cadeira-rustic-42905z6xtper/p/MLB21849171?pdp_filters=adult_content%3Ayes%7Cseller_id%3A618210172#polycard_client=search-nordic&wid=MLB3293845033&sid=search&searchVariation=MLB21849171&position=1&search_layout=grid&type=product&tracking_id=c5524ace-d837-4909-8ef1-9c3ebbdd7b25 | C13: https://www.mercadolivre.com.br/kit-6-cadeiras-4290-madesa-rusticperola-cor-da-estrutura-da-cadeira-rustic-42905z6xtper/p/MLB21849171?pdp_filters=official_store%3A869#polycard_client=search-nordic&wid=MLB4269193930&sid=search&searchVariation=MLB21849171&position=1&search_layout=grid&type=product&tracking_id=6193d7dd-4464-4bc0-a5c7-11424250d901 | D13: Kit 6 Cadeiras 4290 Madesa Rustic/Sintético Bege | E13: WEB - MELI | I13: =IF(SUMIFS(Negociados!C:C,Negociados!B:B,F13,Negociados!A:A,A13,Negociados!D:D,"<="&$F$1,Negociados!E:E,">="&$F$1),SUMIFS(Negociados!C:C,Negociados!B:B,F13,Negociados!A:A,A13,Negociados!D:D,"<="&$F$1,Negociados!E:E,">="&$F$1),19%) -> 0.19 | M13: =IF(SUMIFS(Negociados!C:C,Negociados!B:B,J13,Negociados!A:A,A13,Negociados!D:D,"<="&$F$1,Negociados!E:E,">="&$F$1),SUMIFS(Negociados!C:C,Negociados!B:B,J13,Negociados!A:A,A13,Negociados!D:D,"<="&$F$1,Negociados!E:E,">="&$F$1),19%) -> 0.19 | N13: 499.98 | O13: Grátis | P13: 6 | Q13: 0.13 | U13: =IF(SUMIFS(Negociados!K:K,Negociados!J:J,R13,Negociados!I:I,I13,Negociados!L:L,"<="&$F$1,Negociados!M:M,">="&$F$1),SUMIFS(Negociados!K:K,Negociados!J:J,R13,Negociados!I:I,I13,Negociados!L:L,"<="&$F$1,Negociados!M:M,">="&$F$1),19%) -> 0.19 | V13: 489.98 | W13: 69.7 | X13: 10 | Y13: 0.15 | Z13: 489.98 | AA13: 69.7 | AB13: 10 | AC13: 0.15
A14: 16695Z2 | B14: https://www.mercadolivre.com.br/guarda-roupa-casal-madesa-vip-6-portas-batentes-cor-rustic-16695z2/p/MLB21993399?pdp_filters=adult_content%3Ayes%7Cseller_id%3A618210172#polycard_client=search-nordic&wid=MLB4449697864&sid=search&searchVariation=MLB21993399&position=1&search_layout=grid&type=product&tracking_id=3e4c9f86-a020-429b-9de5-467102043d5f | C14: https://www.mercadolivre.com.br/guarda-roupa-casal-madesa-vip-6-portas-batentes-cor-rustic-16695z2/p/MLB21993399?pdp_filters=official_store%3A869#polycard_client=search-nordic&wid=MLB4321181356&sid=search&searchVariation=MLB21993399&position=1&search_layout=grid&type=product&tracking_id=fd168e03-4927-49b4-9463-bd9cceb68c1b | D14: Guarda-Roupa Casal Madesa Vip 6 Portas Batentes | E14: WEB - MELI | I14: =IF(SUMIFS(Negociados!C:C,Negociados!B:B,F14,Negociados!A:A,A14,Negociados!D:D,"<="&$F$1,Negociados!E:E,">="&$F$1),SUMIFS(Negociados!C:C,Negociados!B:B,F14,Negociados!A:A,A14,Negociados!D:D,"<="&$F$1,Negociados!E:E,">="&$F$1),19%) -> 0.19 | M14: =IF(SUMIFS(Negociados!C:C,Negociados!B:B,J14,Negociados!A:A,A14,Negociados!D:D,"<="&$F$1,Negociados!E:E,">="&$F$1),SUMIFS(Negociados!C:C,Negociados!B:B,J14,Negociados!A:A,A14,Negociados!D:D,"<="&$F$1,Negociados!E:E,">="&$F$1),19%) -> 0.19 | N14: 1179.99 | O14: Grátis | P14: 9 | Q14: 0.19 | U14: =IF(SUMIFS(Negociados!K:K,Negociados!J:J,R14,Negociados!I:I,I14,Negociados!L:L,"<="&$F$1,Negociados!M:M,">="&$F$1),SUMIFS(Negociados!K:K,Negociados!J:J,R14,Negociados!I:I,I14,Negociados!L:L,"<="&$F$1,Negociados!M:M,">="&$F$1),19%) -> 0.19 | V14: 919.98 | W14: 78.39 | X14: 15 | Y14: 0.15 | Z14: 919.98 | AA14: 78.39 | AB14: 15 | AC14: 0.15
A15: 42905Z4XTFBM | B15: NÃO CADASTRADO | C15: https://www.mercadolivre.com.br/kit-4-cadeiras-4290-madesa-rusticbege-marrom-cor-da-estrutura-da-cadeira-rustic-cor-do-assento-begemarrom-42905z4xtfbm/p/MLB22850317?pdp_filters=official_store%3A869#polycard_client=search-nordic&wid=MLB3674803985&sid=search&searchVariation=MLB22850317&position=1&search_layout=grid&type=product&tracking_id=db083da7-1f63-4725-8f0b-1846949f38d0 | D15: Kit 4 Cadeiras de Jantar 4290 Madesa Rustic/Bege Marrom | E15: WEB - MELI | I15: =IF(SUMIFS(Negociados!C:C,Negociados!B:B,F15,Negociados!A:A,A15,Negociados!D:D,"<="&$F$1,Negociados!E:E,">="&$F$1),SUMIFS(Negociados!C:C,Negociados!B:B,F15,Negociados!A:A,A15,Negociados!D:D,"<="&$F$1,Negociados!E:E,">="&$F$1),19%) -> 0.19 | M15: =IF(SUMIFS(Negociados!C:C,Negociados!B:B,J15,Negociados!A:A,A15,Negociados!D:D,"<="&$F$1,Negociados!E:E,">="&$F$1),SUMIFS(Negociados!C:C,Negociados!B:B,J15,Negociados!A:A,A15,Negociados!D:D,"<="&$F$1,Negociados!E:E,">="&$F$1),19%) -> 0.19 | Q15: 0.19 | U15: =IF(SUMIFS(Negociados!K:K,Negociados!J:J,R15,Negociados!I:I,I15,Negociados!L:L,"<="&$F$1,Negociados!M:M,">="&$F$1),SUMIFS(Negociados!K:K,Negociados!J:J,R15,Negociados!I:I,I15,Negociados!L:L,"<="&$F$1,Negociados!M:M,">="&$F$1),19%) -> 0.19 | V15: 0 | W15: 0 | X15: 0 | Y15: 0.19 | Z15: 339.98 | AA15: 66.7 | AB15: 10 | AC15: 0.15
A16: 42917G4XTFBM | B16: https://www.mercadolivre.com.br/kit-4-cadeiras-4291-madesa-rusticcremabege-marrom-cor-da-estrutura-da-cadeira-rusticcrema-cor-do-assento-begemarrom-42917g4xtfbm/p/MLB20972327?pdp_filters=adult_content%3Ayes%7Cseller_id%3A618210172#polycard_client=search-nordic&wid=MLB3645627403&sid=search&searchVariation=MLB20972327&position=1&search_layout=grid&type=product&tracking_id=624b9d25-a0f8-46bf-8322-7a01047d504e | C16: https://www.mercadolivre.com.br/kit-4-cadeiras-4291-madesa-rusticcremabege-marrom-cor-da-estrutura-da-cadeira-rusticcrema-cor-do-assento-begemarrom-42917g4xtfbm/p/MLB20972327?pdp_filters=official_store%3A869#polycard_client=search-nordic&wid=MLB3605101861&sid=search&searchVariation=MLB20972327&position=1&search_layout=grid&type=product&tracking_id=4274b233-6bfd-4ecc-89a1-857bafe6b49d | D16: Kit 4 Cadeiras de Jantar 4291 Madesa Rustic/Crema/Bege Marrom | E16: WEB - MELI | I16: =IF(SUMIFS(Negociados!C:C,Negociados!B:B,F16,Negociados!A:A,A16,Negociados!D:D,"<="&$F$1,Negociados!E:E,">="&$F$1),SUMIFS(Negociados!C:C,Negociados!B:B,F16,Negociados!A:A,A16,Negociados!D:D,"<="&$F$1,Negociados!E:E,">="&$F$1),19%) -> 0.19 | M16: =IF(SUMIFS(Negociados!C:C,Negociados!B:B,J16,Negociados!A:A,A16,Negociados!D:D,"<="&$F$1,Negociados!E:E,">="&$F$1),SUMIFS(Negociados!C:C,Negociados!B:B,J16,Negociados!A:A,A16,Negociados!D:D,"<="&$F$1,Negociados!E:E,">="&$F$1),19%) -> 0.19 | N16: 359.98 | O16: Grátis | P16: 6 | Q16: 0.15 | U16: =IF(SUMIFS(Negociados!K:K,Negociados!J:J,R16,Negociados!I:I,I16,Negociados!L:L,"<="&$F$1,Negociados!M:M,">="&$F$1),SUMIFS(Negociados!K:K,Negociados!J:J,R16,Negociados!I:I,I16,Negociados!L:L,"<="&$F$1,Negociados!M:M,">="&$F$1),19%) -> 0.19 | V16: 349.98 | W16: 66.9 | X16: 10 | Y16: 0.15 | Z16: 349.98 | AA16: 66.9 | AB16: 10 | AC16: 0.15
A17: 42917G4XTFLH | B17: NÃO CADASTRADO | C17: https://www.mercadolivre.com.br/kit-4-cadeiras-4291-madesa-rusticcremahibiscos-cor-da-estrutura-da-cadeira-rusticcrema-cor-do-assento-hibiscos/p/MLB20972392?pdp_filters=official_store%3A869#polycard_client=search-nordic&wid=MLB3526786569&sid=search&searchVariation=MLB20972392&position=1&search_layout=grid&type=product&tracking_id=b555534c-0d2d-42f1-a8d3-13ea2146005e | D17: Kit 4 Cadeiras de Jantar 4291 Madesa Rustic/Crema/Hibiscos | E17: WEB - MELI | I17: =IF(SUMIFS(Negociados!C:C,Negociados!B:B,F17,Negociados!A:A,A17,Negociados!D:D,"<="&$F$1,Negociados!E:E,">="&$F$1),SUMIFS(Negociados!C:C,Negociados!B:B,F17,Negociados!A:A,A17,Negociados!D:D,"<="&$F$1,Negociados!E:E,">="&$F$1),19%) -> 0.19 | M17: =IF(SUMIFS(Negociados!C:C,Negociados!B:B,J17,Negociados!A:A,A17,Negociados!D:D,"<="&$F$1,Negociados!E:E,">="&$F$1),SUMIFS(Negociados!C:C,Negociados!B:B,J17,Negociados!A:A,A17,Negociados!D:D,"<="&$F$1,Negociados!E:E,">="&$F$1),19%) -> 0.19 | Q17: 0.19 | U17: =IF(SUMIFS(Negociados!K:K,Negociados!J:J,R17,Negociados!I:I,I17,Negociados!L:L,"<="&$F$1,Negociados!M:M,">="&$F$1),SUMIFS(Negociados!K:K,Negociados!J:J,R17,Negociados!I:I,I17,Negociados!L:L,"<="&$F$1,Negociados!M:M,">="&$F$1),19%) -> 0.19 | V17: 0 | W17: 0 | X17: 0 | Y17: 0.19 | Z17: 349.98 | AA17: 66.9 | AB17: 10 | AC17: 0.15
A18: 42555Z2TSIMK | B18: https://www.mercadolivre.com.br/kit-2-cadeiras-de-jantar-4255-madesa-rustic-imperial-cor-do-assento-imperial-desenho-do-tecido-imperial-42555z2tsimk/p/MLB24201813?pdp_filters=adult_content%3Ayes%7Cseller_id%3A618210172#polycard_client=search-nordic&wid=MLB3645652299&sid=search&searchVariation=MLB24201813&position=1&search_layout=grid&type=product&tracking_id=e6fd5f26-bdaa-48f1-afe5-35e3b70d3ebf | C18: https://www.mercadolivre.com.br/kit-2-cadeiras-de-jantar-4255-madesa-rustic-imperial-cor-do-assento-imperial-desenho-do-tecido-imperial-42555z2tsimk/p/MLB24201813?pdp_filters=official_store%3A869#polycard_client=search-nordic&wid=MLB3583285283&sid=search&searchVariation=MLB24201813&position=1&search_layout=grid&type=product&tracking_id=75f68cea-8243-482c-9c31-70686e4f91d4 | D18: Kit 2 Cadeiras de Jantar 4255 Madesa - Rustic/Imperial | E18: WEB - MELI | I18: =IF(SUMIFS(Negociados!C:C,Negociados!B:B,F18,Negociados!A:A,A18,Negociados!D:D,"<="&$F$1,Negociados!E:E,">="&$F$1),SUMIFS(Negociados!C:C,Negociados!B:B,F18,Negociados!A:A,A18,Negociados!D:D,"<="&$F$1,Negociados!E:E,">="&$F$1),19%) -> 0.19 | M18: =IF(SUMIFS(Negociados!C:C,Negociados!B:B,J18,Negociados!A:A,A18,Negociados!D:D,"<="&$F$1,Negociados!E:E,">="&$F$1),SUMIFS(Negociados!C:C,Negociados!B:B,J18,Negociados!A:A,A18,Negociados!D:D,"<="&$F$1,Negociados!E:E,">="&$F$1),19%) -> 0.19 | N18: 359.98 | O18: Grátis | P18: 6 | Q18: 0.15 | U18: =IF(SUMIFS(Negociados!K:K,Negociados!J:J,R18,Negociados!I:I,I18,Negociados!L:L,"<="&$F$1,Negociados!M:M,">="&$F$1),SUMIFS(Negociados!K:K,Negociados!J:J,R18,Negociados!I:I,I18,Negociados!L:L,"<="&$F$1,Negociados!M:M,">="&$F$1),19%) -> 0.19 | V18: 349.98 | W18: 66.9 | X18: 10 | Y18: 0.15 | Z18: 349.98 | AA18: 66.9 | AB18: 10 | AC18: 0.15
A19: MDJA0400885ZFBM | B19: https://mercadolivre.com.br/sala-jantar-luana-madesa-mesa-tampo-madeira-4-cadeiras-rbm-cor-rusticbege-marrom-mdja0400885zfbm/p/MLB26423955?pdp_filters=adult_content%3Ayes%7Cseller_id%3A618210172#polycard_client=search-nordic&wid=MLB3474978769&sid=search&searchVariation=MLB26423955&position=1&search_layout=grid&type=product&tracking_id=d318767d-da10-45bd-8aa4-35c1836f226a | C19: https://www.mercadolivre.com.br/sala-jantar-luana-madesa-mesa-tampo-madeira-4-cadeiras-rbm-cor-rusticbege-marrom-mdja0400885zfbm/p/MLB26423955?pdp_filters=official_store%3A869#polycard_client=search-nordic&wid=MLB4286053766&sid=search&searchVariation=MLB26423955&position=1&search_layout=grid&type=product&tracking_id=f9a58b75-1746-430f-99d1-b4b7a46bbd6c | D19: Conjunto Sala de Jantar Madesa Luana Mesa Tampo de Madeira com 4 Cadeiras Rustic/Bege Marrom | E19: WEB - MELI | I19: =IF(SUMIFS(Negociados!C:C,Negociados!B:B,F19,Negociados!A:A,A19,Negociados!D:D,"<="&$F$1,Negociados!E:E,">="&$F$1),SUMIFS(Negociados!C:C,Negociados!B:B,F19,Negociados!A:A,A19,Negociados!D:D,"<="&$F$1,Negociados!E:E,">="&$F$1),19%) -> 0.19 | M19: =IF(SUMIFS(Negociados!C:C,Negociados!B:B,J19,Negociados!A:A,A19,Negociados!D:D,"<="&$F$1,Negociados!E:E,">="&$F$1),SUMIFS(Negociados!C:C,Negociados!B:B,J19,Negociados!A:A,A19,Negociados!D:D,"<="&$F$1,Negociados!E:E,">="&$F$1),19%) -> 0.19 | N19: 469.98 | O19: Grátis | P19: 6 | Q19: 0.13 | U19: =IF(SUMIFS(Negociados!K:K,Negociados!J:J,R19,Negociados!I:I,I19,Negociados!L:L,"<="&$F$1,Negociados!M:M,">="&$F$1),SUMIFS(Negociados!K:K,Negociados!J:J,R19,Negociados!I:I,I19,Negociados!L:L,"<="&$F$1,Negociados!M:M,">="&$F$1),19%) -> 0.19 | V19: 459.98 | W19: 69.1 | X19: 10 | Y19: 0.15 | Z19: 459.98 | AA19: 69.1 | AB19: 10 | AC19: 0.15
A20: 044745ZXTLIB | B20: https://www.mercadolivre.com.br/sala-de-jantar-lexy-madesa-4-cadeiras-mesa-tampo-madeira-rlb-cor-rusticfloral-lirio-bege-044745zxtlib/p/MLB23136430?pdp_filters=adult_content%3Ayes%7Cseller_id%3A618210172#polycard_client=search-nordic&wid=MLB3970209870&sid=search&searchVariation=MLB23136430&position=1&search_layout=grid&type=product&tracking_id=9aa63d62-29c6-4a1c-8db3-cd9ccf71b24c | C20: https://www.mercadolivre.com.br/sala-de-jantar-lexy-madesa-4-cadeiras-mesa-tampo-madeira-rlb-cor-rusticfloral-lirio-bege-044745zxtlib/p/MLB23136430?pdp_filters=official_store%3A869#polycard_client=search-nordic&wid=MLB3525810697&sid=search&searchVariation=MLB23136430&position=1&search_layout=grid&type=product&tracking_id=f45d2ba9-1942-4f03-9e81-c76a43b3cd13 | D20: Conjunto Sala de Jantar Lexy Madesa Mesa Tampo de Madeira com 4 Cadeiras - Rustic/Floral Lírio Bege | E20: WEB - MELI | I20: =IF(SUMIFS(Negociados!C:C,Negociados!B:B,F20,Negociados!A:A,A20,Negociados!D:D,"<="&$F$1,Negociados!E:E,">="&$F$1),SUMIFS(Negociados!C:C,Negociados!B:B,F20,Negociados!A:A,A20,Negociados!D:D,"<="&$F$1,Negociados!E:E,">="&$F$1),19%) -> 0.19 | M20: =IF(SUMIFS(Negociados!C:C,Negociados!B:B,J20,Negociados!A:A,A20,Negociados!D:D,"<="&$F$1,Negociados!E:E,">="&$F$1),SUMIFS(Negociados!C:C,Negociados!B:B,J20,Negociados!A:A,A20,Negociados!D:D,"<="&$F$1,Negociados!E:E,">="&$F$1),19%) -> 0.19 | N20: 554.99 | O20: Grátis | P20: 6 | Q20: 0.19 | U20: =IF(SUMIFS(Negociados!K:K,Negociados!J:J,R20,Negociados!I:I,I20,Negociados!L:L,"<="&$F$1,Negociados!M:M,">="&$F$1),SUMIFS(Negociados!K:K,Negociados!J:J,R20,Negociados!I:I,I20,Negociados!L:L,"<="&$F$1,Negociados!M:M,">="&$F$1),19%) -> 0.19 | V20: 554.99 | W20: 71 | X20: 10 | Y20: 0.19 | Z20: 554.99 | AA20: 71 | AB20: 10 | AC20: 0.19
A21: 69487K1 | B21: https://www.mercadolivre.com.br/rack-para-tv-ate-55-polegadas-le-mans-madesa-2-portas-pru-cor-rusticpreto-69487k1/p/MLB23384410?pdp_filters=adult_content%3Ayes%7Cseller_id%3A618210172#polycard_client=search-nordic&wid=MLB4411335342&sid=search&searchVariation=MLB23384410&position=1&search_layout=grid&type=product&tracking_id=a6c65329-3a0d-4754-9f51-bd4b6626e6c9 | C21: https://www.mercadolivre.com.br/rack-para-tv-ate-55-polegadas-le-mans-madesa-2-portas-pru-cor-rusticpreto-69487k1/p/MLB23384410?pdp_filters=official_store%3A869#polycard_client=search-nordic&wid=MLB4414250800&sid=search&searchVariation=MLB23384410&position=1&search_layout=grid&type=product&tracking_id=0bfd4bfd-026d-4b86-a6a3-03b1bf2fda32 | D21: Rack para TV até 55 Polegadas Madesa Le Mans com 2 Portas Rustic/Preto | E21: WEB - MELI | I21: =IF(SUMIFS(Negociados!C:C,Negociados!B:B,F21,Negociados!A:A,A21,Negociados!D:D,"<="&$F$1,Negociados!E:E,">="&$F$1),SUMIFS(Negociados!C:C,Negociados!B:B,F21,Negociados!A:A,A21,Negociados!D:D,"<="&$F$1,Negociados!E:E,">="&$F$1),19%) -> 0.19 | M21: =IF(SUMIFS(Negociados!C:C,Negociados!B:B,J21,Negociados!A:A,A21,Negociados!D:D,"<="&$F$1,Negociados!E:E,">="&$F$1),SUMIFS(Negociados!C:C,Negociados!B:B,J21,Negociados!A:A,A21,Negociados!D:D,"<="&$F$1,Negociados!E:E,">="&$F$1),19%) -> 0.19 | N21: 309.98 | O21: Grátis | P21: 6 | Q21: 0.15 | U21: =IF(SUMIFS(Negociados!K:K,Negociados!J:J,R21,Negociados!I:I,I21,Negociados!L:L,"<="&$F$1,Negociados!M:M,">="&$F$1),SUMIFS(Negociados!K:K,Negociados!J:J,R21,Negociados!I:I,I21,Negociados!L:L,"<="&$F$1,Negociados!M:M,">="&$F$1),19%) -> 0.19 | V21: 319.98 | W21: 46.3 | X21: 10 | Y21: 0.15 | Z21: 319.98 | AA21: 46.3 | AB21: 10 | AC21: 0.15
A22: MDJA0200015ZPER | B22: https://www.mercadolivre.com.br/sala-de-jantar-madesa-gabi-mesa-tampo-de-madeira-2-cadeiras-cor-rusticcremaperola-mdja0200015zper/p/MLB23205259?pdp_filters=adult_content%3Ayes%7Cseller_id%3A618210172#polycard_client=search-nordic&wid=MLB4887169776&sid=search&searchVariation=MLB23205259&position=1&search_layout=grid&type=product&tracking_id=19f23c07-e47a-4f15-8bfa-19990579175b | C22: https://www.mercadolivre.com.br/sala-de-jantar-madesa-gabi-mesa-tampo-de-madeira-2-cadeiras-cor-rusticcremaperola-mdja0200015zper/p/MLB23205259?pdp_filters=official_store%3A869#polycard_client=search-nordic&wid=MLB4887053348&sid=search&searchVariation=MLB23205259&position=1&search_layout=grid&type=product&tracking_id=bf14bd50-714a-4744-a47a-ce8f7078a78f | D22: Conjunto Sala de Jantar Madesa Gabi Mesa Tampo de Madeira com 2 Cadeiras Rustic/Crema/Sintético Bege | E22: WEB - MELI | I22: =IF(SUMIFS(Negociados!C:C,Negociados!B:B,F22,Negociados!A:A,A22,Negociados!D:D,"<="&$F$1,Negociados!E:E,">="&$F$1),SUMIFS(Negociados!C:C,Negociados!B:B,F22,Negociados!A:A,A22,Negociados!D:D,"<="&$F$1,Negociados!E:E,">="&$F$1),19%) -> 0.19 | M22: =IF(SUMIFS(Negociados!C:C,Negociados!B:B,J22,Negociados!A:A,A22,Negociados!D:D,"<="&$F$1,Negociados!E:E,">="&$F$1),SUMIFS(Negociados!C:C,Negociados!B:B,J22,Negociados!A:A,A22,Negociados!D:D,"<="&$F$1,Negociados!E:E,">="&$F$1),19%) -> 0.19 | N22: 379.98 | O22: Grátis | P22: 6 | Q22: 0.13 | U22: =IF(SUMIFS(Negociados!K:K,Negociados!J:J,R22,Negociados!I:I,I22,Negociados!L:L,"<="&$F$1,Negociados!M:M,">="&$F$1),SUMIFS(Negociados!K:K,Negociados!J:J,R22,Negociados!I:I,I22,Negociados!L:L,"<="&$F$1,Negociados!M:M,">="&$F$1),19%) -> 0.19 | V22: 369.98 | W22: 67.3 | X22: 10 | Y22: 0.15 | Z22: 369.98 | AA22: 67.3 | AB22: 10 | AC22: 0.15
A23: GRNC2400053B | B23: https://www.mercadolivre.com.br/armario-cozinha-completa-suspensa-modulada-com-balco-para-cooktop-240cm-cinza-madesa-nice-05/p/MLB29010057?pdp_filters=seller_id%3A618210172#polycard_client=search-nordic&wid=MLB5079660878&sid=search&searchVariation=MLB29010057&position=1&search_layout=grid&type=product&tracking_id=7d2725dc-d67f-45ee-bc3e-03d8e3c2a5af | C23: https://www.mercadolivre.com.br/armario-cozinha-completa-suspensa-modulada-com-balco-para-cooktop-240cm-cinza-madesa-nice-05/p/MLB29010057?pdp_filters=official_store%3A869#polycard_client=search-nordic&wid=MLB4884153280&sid=search&searchVariation=MLB29010057&position=1&search_layout=grid&type=product&tracking_id=1548e73d-bffd-4ec0-8f09-56f8bf458f15 | D23: Armário de Cozinha Completa Suspenso 240cm Cinza Nice Madesa 05 | E23: WEB - MELI | I23: =IF(SUMIFS(Negociados!C:C,Negociados!B:B,F23,Negociados!A:A,A23,Negociados!D:D,"<="&$F$1,Negociados!E:E,">="&$F$1),SUMIFS(Negociados!C:C,Negociados!B:B,F23,Negociados!A:A,A23,Negociados!D:D,"<="&$F$1,Negociados!E:E,">="&$F$1),19%) -> 0.19 | M23: =IF(SUMIFS(Negociados!C:C,Negociados!B:B,J23,Negociados!A:A,A23,Negociados!D:D,"<="&$F$1,Negociados!E:E,">="&$F$1),SUMIFS(Negociados!C:C,Negociados!B:B,J23,Negociados!A:A,A23,Negociados!D:D,"<="&$F$1,Negociados!E:E,">="&$F$1),19%) -> 0.19 | N23: 1489.98 | O23: Grátis | P23: 9 | Q23: 0.15 | U23: =IF(SUMIFS(Negociados!K:K,Negociados!J:J,R23,Negociados!I:I,I23,Negociados!L:L,"<="&$F$1,Negociados!M:M,">="&$F$1),SUMIFS(Negociados!K:K,Negociados!J:J,R23,Negociados!I:I,I23,Negociados!L:L,"<="&$F$1,Negociados!M:M,">="&$F$1),19%) -> 0.19 | V23: 1469.98 | W23: 89.3 | X23: 10 | Y23: 0.15 | Z23: 1469.98 | AA23: 89.3 | AB23: 10 | AC23: 0.15
A24: 044825ZXTFLH | B24: NÃO CADASTRADO | C24: https://www.mercadolivre.com.br/sala-de-jantar-madesa-maris-mesa-tampo-de-madeira-6-cadeiras-cor-rusticfloral-hibiscos-044825zxtflh/p/MLB23612993?pdp_filters=official_store%3A869#polycard_client=search-nordic&wid=MLB4358922340&sid=search&searchVariation=MLB23612993&position=1&search_layout=grid&type=product&tracking_id=99f07b90-93b6-434d-95c2-3e3107a352dc | D24: Conjunto Sala de Jantar Madesa Maris Mesa Tampo de Madeira com 6 Cadeiras Rustic/Floral Hibiscos | E24: WEB - MELI | I24: =IF(SUMIFS(Negociados!C:C,Negociados!B:B,F24,Negociados!A:A,A24,Negociados!D:D,"<="&$F$1,Negociados!E:E,">="&$F$1),SUMIFS(Negociados!C:C,Negociados!B:B,F24,Negociados!A:A,A24,Negociados!D:D,"<="&$F$1,Negociados!E:E,">="&$F$1),19%) -> 0.19 | M24: =IF(SUMIFS(Negociados!C:C,Negociados!B:B,J24,Negociados!A:A,A24,Negociados!D:D,"<="&$F$1,Negociados!E:E,">="&$F$1),SUMIFS(Negociados!C:C,Negociados!B:B,J24,Negociados!A:A,A24,Negociados!D:D,"<="&$F$1,Negociados!E:E,">="&$F$1),19%) -> 0.19 | O24: Grátis | P24: 6 | Q24: 0.19 | U24: =IF(SUMIFS(Negociados!K:K,Negociados!J:J,R24,Negociados!I:I,I24,Negociados!L:L,"<="&$F$1,Negociados!M:M,">="&$F$1),SUMIFS(Negociados!K:K,Negociados!J:J,R24,Negociados!I:I,I24,Negociados!L:L,"<="&$F$1,Negociados!M:M,">="&$F$1),19%) -> 0.19 | V24: 0 | W24: 0 | X24: 0 | Y24: 0.19 | Z24: 679.98 | AA24: 83.5 | AB24: 10 | AC24: 0.15
A25: 1094092E2G | B25: NÃO CADASTRADO | C25: https://www.mercadolivre.com.br/guarda-roupa-solteiro-madesa-dallas-2-portas-correr-de-esp-b-cor-branco-1094092e2g/p/MLB27349505?pdp_filters=official_store%3A869#polycard_client=search-nordic&wid=MLB4931783302&sid=search&searchVariation=MLB27349505&position=1&search_layout=grid&type=product&tracking_id=e7604d11-00a3-4742-9d94-024cc0ad2c54 | D25: Guarda-Roupa Solteiro Madesa Dallas 2 Portas de Correr de Espelho 2 Gavetas Branco | E25: WEB - MELI | I25: =IF(SUMIFS(Negociados!C:C,Negociados!B:B,F25,Negociados!A:A,A25,Negociados!D:D,"<="&$F$1,Negociados!E:E,">="&$F$1),SUMIFS(Negociados!C:C,Negociados!B:B,F25,Negociados!A:A,A25,Negociados!D:D,"<="&$F$1,Negociados!E:E,">="&$F$1),19%) -> 0.19 | M25: =IF(SUMIFS(Negociados!C:C,Negociados!B:B,J25,Negociados!A:A,A25,Negociados!D:D,"<="&$F$1,Negociados!E:E,">="&$F$1),SUMIFS(Negociados!C:C,Negociados!B:B,J25,Negociados!A:A,A25,Negociados!D:D,"<="&$F$1,Negociados!E:E,">="&$F$1),19%) -> 0.19 | O25: Grátis | P25: 6 | Q25: 0.19 | U25: =IF(SUMIFS(Negociados!K:K,Negociados!J:J,R25,Negociados!I:I,I25,Negociados!L:L,"<="&$F$1,Negociados!M:M,">="&$F$1),SUMIFS(Negociados!K:K,Negociados!J:J,R25,Negociados!I:I,I25,Negociados!L:L,"<="&$F$1,Negociados!M:M,">="&$F$1),19%) -> 0.19 | V25: 0 | W25: 0 | X25: 0 | Y25: 0.19 | Z25: 999.98 | AA25: 69.9 | AB25: 10 | AC25: 0.15
A26: XAGRRM260002D8 | B26: https://produto.mercadolivre.com.br/MLB-3578059291-armario-de-cozinha-reims-260002-com-balco-preto-rustic-_JM#polycard_client=search-nordic&position=1&search_layout=grid&type=item&tracking_id=d6022156-9749-49fa-bbd5-3c506565be28 | C26: https://produto.mercadolivre.com.br/MLB-3513983793-armario-de-cozinha-reims-260002-com-balco-preto-rustic-_JM#polycard_client=search-nordic&position=1&search_layout=grid&type=item&tracking_id=df4eb1a7-8630-43e5-9350-9bdea030b673 | D26: Armário de Cozinha Completa 260cm Preto/Rustic Reims Madesa 02 | E26: WEB - MELI | I26: =IF(SUMIFS(Negociados!C:C,Negociados!B:B,F26,Negociados!A:A,A26,Negociados!D:D,"<="&$F$1,Negociados!E:E,">="&$F$1),SUMIFS(Negociados!C:C,Negociados!B:B,F26,Negociados!A:A,A26,Negociados!D:D,"<="&$F$1,Negociados!E:E,">="&$F$1),19%) -> 0.19 | M26: =IF(SUMIFS(Negociados!C:C,Negociados!B:B,J26,Negociados!A:A,A26,Negociados!D:D,"<="&$F$1,Negociados!E:E,">="&$F$1),SUMIFS(Negociados!C:C,Negociados!B:B,J26,Negociados!A:A,A26,Negociados!D:D,"<="&$F$1,Negociados!E:E,">="&$F$1),19%) -> 0.19 | N26: 1449.98 | O26: Grátis | P26: 6 | Q26: 0.15 | U26: =IF(SUMIFS(Negociados!K:K,Negociados!J:J,R26,Negociados!I:I,I26,Negociados!L:L,"<="&$F$1,Negociados!M:M,">="&$F$1),SUMIFS(Negociados!K:K,Negociados!J:J,R26,Negociados!I:I,I26,Negociados!L:L,"<="&$F$1,Negociados!M:M,">="&$F$1),19%) -> 0.19 | V26: 1429.98 | W26: 98.5 | X26: 10 | Y26: 0.15 | Z26: 1429.98 | AA26: 98.5 | AB26: 10 | AC26: 0.15
A27: 1082093E | B27: https://www.mercadolivre.com.br/guarda-roupa-casal-madesa-napoli-3-portas-com-espelho-cor-branco-1082093e/p/MLB23476331?pdp_filters=seller_id%3A618210172#polycard_client=search-nordic&wid=MLB3833366925&sid=search&searchVariation=MLB23476331&position=1&search_layout=grid&type=product&tracking_id=9be72d2b-2519-4c56-8fc3-63677052961c | C27: https://www.mercadolivre.com.br/guarda-roupa-casal-madesa-napoli-3-portas-com-espelho-cor-branco-1082093e/p/MLB23476331?pdp_filters=official_store%3A869#polycard_client=search-nordic&wid=MLB4631416546&sid=search&searchVariation=MLB23476331&position=1&search_layout=grid&type=product&tracking_id=87aaa0b4-ee1c-4ced-919a-f6a2525e9ce4 | D27: Guarda-Roupa Casal Madesa Napoli 3 Portas de Correr com Espelho - Branco | E27: WEB - MELI | I27: =IF(SUMIFS(Negociados!C:C,Negociados!B:B,F27,Negociados!A:A,A27,Negociados!D:D,"<="&$F$1,Negociados!E:E,">="&$F$1),SUMIFS(Negociados!C:C,Negociados!B:B,F27,Negociados!A:A,A27,Negociados!D:D,"<="&$F$1,Negociados!E:E,">="&$F$1),19%) -> 0.19 | M27: =IF(SUMIFS(Negociados!C:C,Negociados!B:B,J27,Negociados!A:A,A27,Negociados!D:D,"<="&$F$1,Negociados!E:E,">="&$F$1),SUMIFS(Negociados!C:C,Negociados!B:B,J27,Negociados!A:A,A27,Negociados!D:D,"<="&$F$1,Negociados!E:E,">="&$F$1),19%) -> 0.19 | N27: 1649.98 | O27: Grátis | P27: 9 | Q27: 0.15 | U27: =IF(SUMIFS(Negociados!K:K,Negociados!J:J,R27,Negociados!I:I,I27,Negociados!L:L,"<="&$F$1,Negociados!M:M,">="&$F$1),SUMIFS(Negociados!K:K,Negociados!J:J,R27,Negociados!I:I,I27,Negociados!L:L,"<="&$F$1,Negociados!M:M,">="&$F$1),19%) -> 0.19 | V27: 1639.98 | W27: 102.79 | X27: 15 | Y27: 0.15 | Z27: 1639.98 | AA27: 102.79 | AB27: 15 | AC27: 0.15
A28: MDJA0200015ZPT | B28: https://www.mercadolivre.com.br/sala-de-jantar-madesa-gabi-mesa-tampo-de-madeira-2-cadeiras-cor-rusticpretosintetico-preto/p/MLB23999198?pdp_filters=seller_id%3A618210172#polycard_client=search-nordic&wid=MLB4398725122&sid=search&searchVariation=MLB23999198&position=1&search_layout=grid&type=product&tracking_id=c88a36eb-0791-462b-bb6d-b8d7ceed7a81 | C28: NÃO CADASTRADO | D28: Conjunto Sala de Jantar Madesa Gabi Mesa Tampo de Madeira com 2 Cadeiras Rustic/Preto/Sintético Preto | E28: WEB - MELI | I28: =IF(SUMIFS(Negociados!C:C,Negociados!B:B,F28,Negociados!A:A,A28,Negociados!D:D,"<="&$F$1,Negociados!E:E,">="&$F$1),SUMIFS(Negociados!C:C,Negociados!B:B,F28,Negociados!A:A,A28,Negociados!D:D,"<="&$F$1,Negociados!E:E,">="&$F$1),19%) -> 0.19 | M28: =IF(SUMIFS(Negociados!C:C,Negociados!B:B,J28,Negociados!A:A,A28,Negociados!D:D,"<="&$F$1,Negociados!E:E,">="&$F$1),SUMIFS(Negociados!C:C,Negociados!B:B,J28,Negociados!A:A,A28,Negociados!D:D,"<="&$F$1,Negociados!E:E,">="&$F$1),19%) -> 0.19 | N28: 379.98 | O28: Grátis | P28: 6 | Q28: 0.13 | U28: =IF(SUMIFS(Negociados!K:K,Negociados!J:J,R28,Negociados!I:I,I28,Negociados!L:L,"<="&$F$1,Negociados!M:M,">="&$F$1),SUMIFS(Negociados!K:K,Negociados!J:J,R28,Negociados!I:I,I28,Negociados!L:L,"<="&$F$1,Negociados!M:M,">="&$F$1),19%) -> 0.19 | V28: 369.98 | W28: 67.3 | X28: 10 | Y28: 0.15 | Z28: 0 | AA28: 0 | AB28: 0 | AC28: 0.19
A29: 42917K6XTPT | B29: NÃO CADASTRADO | C29: https://www.mercadolivre.com.br/kit-6-cadeiras-rusticpreto-madesa-4291/p/MLB21948629?pdp_filters=official_store%3A869#polycard_client=search-nordic&wid=MLB3526971199&sid=search&searchVariation=MLB21948629&position=1&search_layout=grid&type=product&tracking_id=6a82edd4-2f8a-458d-a66e-dc0c7a8064f4 | D29: Kit 6 Cadeiras 4291 Madesa Rustic/Preto | E29: WEB - MELI | I29: =IF(SUMIFS(Negociados!C:C,Negociados!B:B,F29,Negociados!A:A,A29,Negociados!D:D,"<="&$F$1,Negociados!E:E,">="&$F$1),SUMIFS(Negociados!C:C,Negociados!B:B,F29,Negociados!A:A,A29,Negociados!D:D,"<="&$F$1,Negociados!E:E,">="&$F$1),19%) -> 0.19 | M29: =IF(SUMIFS(Negociados!C:C,Negociados!B:B,J29,Negociados!A:A,A29,Negociados!D:D,"<="&$F$1,Negociados!E:E,">="&$F$1),SUMIFS(Negociados!C:C,Negociados!B:B,J29,Negociados!A:A,A29,Negociados!D:D,"<="&$F$1,Negociados!E:E,">="&$F$1),19%) -> 0.19 | Q29: 0.19 | U29: =IF(SUMIFS(Negociados!K:K,Negociados!J:J,R29,Negociados!I:I,I29,Negociados!L:L,"<="&$F$1,Negociados!M:M,">="&$F$1),SUMIFS(Negociados!K:K,Negociados!J:J,R29,Negociados!I:I,I29,Negociados!L:L,"<="&$F$1,Negociados!M:M,">="&$F$1),19%) -> 0.19 | V29: 0 | W29: 0 | X29: 0 | Y29: 0.19 | Z29: 489.98 | AA29: 69.79 | AB29: 15 | AC29: 0.15
A30: XB70035Z1 | B30: https://www.mercadolivre.com.br/rack-painel-para-tv-quarto-ate-65-polegadas-everest-madesa-rustic-xb70035z1/p/MLB23340077?pdp_filters=seller_id%3A618210172#polycard_client=search-nordic&wid=MLB4096517398&sid=search&searchVariation=MLB23340077&position=1&search_layout=grid&type=product&tracking_id=61311f15-9d5d-42b4-9d3a-7d0b47ef2dd9 | C30: https://www.mercadolivre.com.br/rack-painel-para-tv-quarto-ate-65-polegadas-everest-madesa-rustic-xb70035z1/p/MLB23340077?pdp_filters=official_store%3A869#polycard_client=search-nordic&wid=MLB3551473145&sid=search&searchVariation=MLB23340077&position=1&search_layout=grid&type=product&tracking_id=6f74c1d3-0018-42cd-a2ba-1659641c27a4 | D30: Rack com Painel Sobreposto para TV até 65 Polegadas Madesa Everest Rustic | E30: WEB - MELI | I30: =IF(SUMIFS(Negociados!C:C,Negociados!B:B,F30,Negociados!A:A,A30,Negociados!D:D,"<="&$F$1,Negociados!E:E,">="&$F$1),SUMIFS(Negociados!C:C,Negociados!B:B,F30,Negociados!A:A,A30,Negociados!D:D,"<="&$F$1,Negociados!E:E,">="&$F$1),19%) -> 0.19 | M30: =IF(SUMIFS(Negociados!C:C,Negociados!B:B,J30,Negociados!A:A,A30,Negociados!D:D,"<="&$F$1,Negociados!E:E,">="&$F$1),SUMIFS(Negociados!C:C,Negociados!B:B,J30,Negociados!A:A,A30,Negociados!D:D,"<="&$F$1,Negociados!E:E,">="&$F$1),19%) -> 0.19 | N30: SEM | O30: ESTOQUE | Q30: 0.19 | U30: =IF(SUMIFS(Negociados!K:K,Negociados!J:J,R30,Negociados!I:I,I30,Negociados!L:L,"<="&$F$1,Negociados!M:M,">="&$F$1),SUMIFS(Negociados!K:K,Negociados!J:J,R30,Negociados!I:I,I30,Negociados!L:L,"<="&$F$1,Negociados!M:M,">="&$F$1),19%) -> 0.19 | V30: 459.98 | W30: 59.19 | X30: 15 | Y30: 0.15 | Z30: 459.98 | AA30: 59.19 | AB30: 15 | AC30: 0.15
A31: 044915ZXTPER | B31: NÃO CADASTRADO | C31: https://www.mercadolivre.com.br/sala-de-jantar-madesa-rute-mesa-tampo-madeira-4-cadeiras-rpe-cor-rusticperola-044915zxtper/p/MLB23126528?pdp_filters=official_store%3A869#polycard_client=search-nordic&wid=MLB3532818273&sid=search&searchVariation=MLB23126528&position=1&search_layout=grid&type=product&tracking_id=c90d8134-2bbc-4e20-b97e-674136b6fb95 | D31: Conjunto Sala de Jantar Madesa Rute Mesa Tampo de Madeira com 4 Cadeiras Rustic/Sintético Bege | E31: WEB - MELI | I31: =IF(SUMIFS(Negociados!C:C,Negociados!B:B,F31,Negociados!A:A,A31,Negociados!D:D,"<="&$F$1,Negociados!E:E,">="&$F$1),SUMIFS(Negociados!C:C,Negociados!B:B,F31,Negociados!A:A,A31,Negociados!D:D,"<="&$F$1,Negociados!E:E,">="&$F$1),19%) -> 0.19 | M31: =IF(SUMIFS(Negociados!C:C,Negociados!B:B,J31,Negociados!A:A,A31,Negociados!D:D,"<="&$F$1,Negociados!E:E,">="&$F$1),SUMIFS(Negociados!C:C,Negociados!B:B,J31,Negociados!A:A,A31,Negociados!D:D,"<="&$F$1,Negociados!E:E,">="&$F$1),19%) -> 0.19 | Q31: 0.19 | U31: =IF(SUMIFS(Negociados!K:K,Negociados!J:J,R31,Negociados!I:I,I31,Negociados!L:L,"<="&$F$1,Negociados!M:M,">="&$F$1),SUMIFS(Negociados!K:K,Negociados!J:J,R31,Negociados!I:I,I31,Negociados!L:L,"<="&$F$1,Negociados!M:M,">="&$F$1),19%) -> 0.19 | V31: 0 | W31: 0 | X31: 0 | Y31: 0.19 | Z31: 539.98 | AA31: 70.7 | AB31: 10 | AC31: 0.15
A32: MDJA0600437GPER | B32: NÃO CADASTRADO | C32: https://www.mercadolivre.com.br/sala-jantar-madesa-ohana-mesa-tampo-madeira-6-cadeiras-rcp-cor-rusticcremaperola/p/MLB23472382?pdp_filters=official_store%3A869#polycard_client=search-nordic&wid=MLB4340996954&sid=search&searchVariation=MLB23472382&position=1&search_layout=grid&type=product&tracking_id=9f173f57-27cc-49d2-8b3d-83b04a391176 | D32: Conjunto Sala de Jantar Madesa Ohana Mesa Tampo de Madeira com 6 Cadeiras Rustic/Crema/Sintético Bege | E32: WEB - MELI | I32: =IF(SUMIFS(Negociados!C:C,Negociados!B:B,F32,Negociados!A:A,A32,Negociados!D:D,"<="&$F$1,Negociados!E:E,">="&$F$1),SUMIFS(Negociados!C:C,Negociados!B:B,F32,Negociados!A:A,A32,Negociados!D:D,"<="&$F$1,Negociados!E:E,">="&$F$1),19%) -> 0.19 | M32: =IF(SUMIFS(Negociados!C:C,Negociados!B:B,J32,Negociados!A:A,A32,Negociados!D:D,"<="&$F$1,Negociados!E:E,">="&$F$1),SUMIFS(Negociados!C:C,Negociados!B:B,J32,Negociados!A:A,A32,Negociados!D:D,"<="&$F$1,Negociados!E:E,">="&$F$1),19%) -> 0.19 | Q32: 0.19 | U32: =IF(SUMIFS(Negociados!K:K,Negociados!J:J,R32,Negociados!I:I,I32,Negociados!L:L,"<="&$F$1,Negociados!M:M,">="&$F$1),SUMIFS(Negociados!K:K,Negociados!J:J,R32,Negociados!I:I,I32,Negociados!L:L,"<="&$F$1,Negociados!M:M,">="&$F$1),19%) -> 0.19 | V32: 0 | W32: 0 | X32: 0 | Y32: 0.19 | Z32: 799.98 | AA32: 85.9 | AB32: 10 | AC32: 0.15
A33: 1060094RFCT | B33: NÃO CADASTRADO | C33: https://www.mercadolivre.com.br/guarda-roupa-kremlin-reflecta-madesa-4-portas-de-correr-cor-branco-1060094rfct/p/MLB23998113?pdp_filters=official_store%3A869#polycard_client=search-nordic&wid=MLB3595273295&sid=search&searchVariation=MLB23998113&position=1&search_layout=grid&type=product&tracking_id=c71741ba-2a8f-4186-8a0d-b6e8cbf2e2e5 | D33: Guarda-Roupa Kremlin Reflex Madesa 4 Portas de Correr Branco | E33: WEB - MELI | I33: =IF(SUMIFS(Negociados!C:C,Negociados!B:B,F33,Negociados!A:A,A33,Negociados!D:D,"<="&$F$1,Negociados!E:E,">="&$F$1),SUMIFS(Negociados!C:C,Negociados!B:B,F33,Negociados!A:A,A33,Negociados!D:D,"<="&$F$1,Negociados!E:E,">="&$F$1),19%) -> 0.19 | M33: =IF(SUMIFS(Negociados!C:C,Negociados!B:B,J33,Negociados!A:A,A33,Negociados!D:D,"<="&$F$1,Negociados!E:E,">="&$F$1),SUMIFS(Negociados!C:C,Negociados!B:B,J33,Negociados!A:A,A33,Negociados!D:D,"<="&$F$1,Negociados!E:E,">="&$F$1),19%) -> 0.19 | Q33: 0.19 | U33: =IF(SUMIFS(Negociados!K:K,Negociados!J:J,R33,Negociados!I:I,I33,Negociados!L:L,"<="&$F$1,Negociados!M:M,">="&$F$1),SUMIFS(Negociados!K:K,Negociados!J:J,R33,Negociados!I:I,I33,Negociados!L:L,"<="&$F$1,Negociados!M:M,">="&$F$1),19%) -> 0.19 | V33: 0 | W33: 0 | X33: 0 | Y33: 0.19 | Z33: 5069.99 | AA33: 191.39 | AB33: 15 | AC33: 0.19
A34: MDJA0400505ZPT | B34: NÃO CADASTRADO | C34: https://www.mercadolivre.com.br/sala-de-jantar-madesa-maya-mesa-tampo-vidro-com-4-cadeiras-cor-rusticsintetico-preto-mdja0400505zpt/p/MLB23955215?pdp_filters=official_store%3A869#polycard_client=search-nordic&wid=MLB3563106937&sid=search&searchVariation=MLB23955215&position=1&search_layout=grid&type=product&tracking_id=33dd2492-8b67-4bc4-bf58-d9227b332fbb | D34: Conjunto Sala de Jantar Madesa Maya Mesa Tampo de Vidro com 4 Cadeiras Rustic/Sintético Preto | E34: WEB - MELI | I34: =IF(SUMIFS(Negociados!C:C,Negociados!B:B,F34,Negociados!A:A,A34,Negociados!D:D,"<="&$F$1,Negociados!E:E,">="&$F$1),SUMIFS(Negociados!C:C,Negociados!B:B,F34,Negociados!A:A,A34,Negociados!D:D,"<="&$F$1,Negociados!E:E,">="&$F$1),19%) -> 0.19 | M34: =IF(SUMIFS(Negociados!C:C,Negociados!B:B,J34,Negociados!A:A,A34,Negociados!D:D,"<="&$F$1,Negociados!E:E,">="&$F$1),SUMIFS(Negociados!C:C,Negociados!B:B,J34,Negociados!A:A,A34,Negociados!D:D,"<="&$F$1,Negociados!E:E,">="&$F$1),19%) -> 0.19 | Q34: 0.19 | U34: =IF(SUMIFS(Negociados!K:K,Negociados!J:J,R34,Negociados!I:I,I34,Negociados!L:L,"<="&$F$1,Negociados!M:M,">="&$F$1),SUMIFS(Negociados!K:K,Negociados!J:J,R34,Negociados!I:I,I34,Negociados!L:L,"<="&$F$1,Negociados!M:M,">="&$F$1),19%) -> 0.19 | V34: 0 | W34: 0 | X34: 0 | Y34: 0.19 | Z34: 559.98 | AA34: 81.1 | AB34: 10 | AC34: 0.15
A35: MDJA040139F9SIL | B35: NÃO CADASTRADO | C35: https://www.mercadolivre.com.br/sala-jantar-mesa-tampo-madeira-4-cadeiras-karina-madesa-rcs-cor-rusticcinzasilver-desenho-do-tecido-das-cadeiras-liso-mdja040139f9sil/p/MLB23218635?pdp_filters=official_store%3A869#polycard_client=search-nordic&wid=MLB4322111638&sid=search&searchVariation=MLB23218635&position=1&search_layout=grid&type=product&tracking_id=9725a9f3-5772-40f7-b9b1-275d288d54ee | D35: Conjunto Sala de Jantar Mesa Tampo de Madeira 4 Cadeiras Rustic/Cinza/Silver Karina Madesa | E35: WEB - MELI | I35: =IF(SUMIFS(Negociados!C:C,Negociados!B:B,F35,Negociados!A:A,A35,Negociados!D:D,"<="&$F$1,Negociados!E:E,">="&$F$1),SUMIFS(Negociados!C:C,Negociados!B:B,F35,Negociados!A:A,A35,Negociados!D:D,"<="&$F$1,Negociados!E:E,">="&$F$1),19%) -> 0.19 | M35: =IF(SUMIFS(Negociados!C:C,Negociados!B:B,J35,Negociados!A:A,A35,Negociados!D:D,"<="&$F$1,Negociados!E:E,">="&$F$1),SUMIFS(Negociados!C:C,Negociados!B:B,J35,Negociados!A:A,A35,Negociados!D:D,"<="&$F$1,Negociados!E:E,">="&$F$1),19%) -> 0.19 | Q35: 0.19 | U35: =IF(SUMIFS(Negociados!K:K,Negociados!J:J,R35,Negociados!I:I,I35,Negociados!L:L,"<="&$F$1,Negociados!M:M,">="&$F$1),SUMIFS(Negociados!K:K,Negociados!J:J,R35,Negociados!I:I,I35,Negociados!L:L,"<="&$F$1,Negociados!M:M,">="&$F$1),19%) -> 0.19 | V35: 0 | W35: 0 | X35: 0 | Y35: 0.19 | Z35: 739.98 | AA35: 84.7 | AB35: 10 | AC35: 0.15
A36: XAGCEM2930047K | B36: https://www.mercadolivre.com.br/armario-cozinha-canto-madesa-emilly-play-aereo-vidro-reflex-cor-rusticpreto/p/MLB27972059?pdp_filters=seller_id%3A618210172#polycard_client=search-nordic&wid=MLB4887065066&sid=search&searchVariation=MLB27972059&position=1&search_layout=grid&type=product&tracking_id=818aee74-165b-41ee-8850-d88051d0043e | C36: https://www.mercadolivre.com.br/armario-cozinha-canto-madesa-emilly-play-aereo-vidro-reflex-cor-rusticpreto/p/MLB27972059?pdp_filters=official_store%3A869#polycard_client=search-nordic&wid=MLB4887181090&sid=search&searchVariation=MLB27972059&position=1&search_layout=grid&type=product&tracking_id=e48c2b8e-b3bf-4bd7-b899-570541f07733 | D36: Armário de Cozinha Completa de Canto 293cm Rustic/Preto Emilly Play Madesa XA | E36: WEB - MELI | I36: =IF(SUMIFS(Negociados!C:C,Negociados!B:B,F36,Negociados!A:A,A36,Negociados!D:D,"<="&$F$1,Negociados!E:E,">="&$F$1),SUMIFS(Negociados!C:C,Negociados!B:B,F36,Negociados!A:A,A36,Negociados!D:D,"<="&$F$1,Negociados!E:E,">="&$F$1),19%) -> 0.19 | M36: =IF(SUMIFS(Negociados!C:C,Negociados!B:B,J36,Negociados!A:A,A36,Negociados!D:D,"<="&$F$1,Negociados!E:E,">="&$F$1),SUMIFS(Negociados!C:C,Negociados!B:B,J36,Negociados!A:A,A36,Negociados!D:D,"<="&$F$1,Negociados!E:E,">="&$F$1),19%) -> 0.19 | N36: 1199.98 | O36: Grátis | P36: 6 | Q36: 0.15 | U36: =IF(SUMIFS(Negociados!K:K,Negociados!J:J,R36,Negociados!I:I,I36,Negociados!L:L,"<="&$F$1,Negociados!M:M,">="&$F$1),SUMIFS(Negociados!K:K,Negociados!J:J,R36,Negociados!I:I,I36,Negociados!L:L,"<="&$F$1,Negociados!M:M,">="&$F$1),19%) -> 0.19 | V36: 1249.98 | W36: 84.9 | X36: 10 | Y36: 0.15 | Z36: 1249.98 | AA36: 84.9 | AB36: 10 | AC36: 0.15
A37: 044825ZXTPER | B37: https://produto.mercadolivre.com.br/MLB-3868863931-sala-de-jantar-maris-tampo-madeira6-cadeiras-rustic-madesa-_JM#polycard_client=search-nordic&position=1&search_layout=grid&type=item&tracking_id=8a1c9171-461f-45f4-9548-b2a0d6e0023f | C37: https://produto.mercadolivre.com.br/MLB-3867979291-sala-de-jantar-maris-tampo-madeira6-cadeiras-rustic-madesa-_JM#polycard_client=search-nordic&position=1&search_layout=grid&type=item&tracking_id=ce7637ab-68e2-4aeb-a5f2-2ecf8f21a1ce | D37: Conjunto Sala de Jantar Madesa Maris Mesa Tampo de Madeira com 6 Cadeiras Rustic/Sintético Bege | E37: WEB - MELI | I37: =IF(SUMIFS(Negociados!C:C,Negociados!B:B,F37,Negociados!A:A,A37,Negociados!D:D,"<="&$F$1,Negociados!E:E,">="&$F$1),SUMIFS(Negociados!C:C,Negociados!B:B,F37,Negociados!A:A,A37,Negociados!D:D,"<="&$F$1,Negociados!E:E,">="&$F$1),19%) -> 0.19 | M37: =IF(SUMIFS(Negociados!C:C,Negociados!B:B,J37,Negociados!A:A,A37,Negociados!D:D,"<="&$F$1,Negociados!E:E,">="&$F$1),SUMIFS(Negociados!C:C,Negociados!B:B,J37,Negociados!A:A,A37,Negociados!D:D,"<="&$F$1,Negociados!E:E,">="&$F$1),19%) -> 0.19 | N37: 679.98 | O37: Grátis | P37: 6 | Q37: 0.13 | U37: =IF(SUMIFS(Negociados!K:K,Negociados!J:J,R37,Negociados!I:I,I37,Negociados!L:L,"<="&$F$1,Negociados!M:M,">="&$F$1),SUMIFS(Negociados!K:K,Negociados!J:J,R37,Negociados!I:I,I37,Negociados!L:L,"<="&$F$1,Negociados!M:M,">="&$F$1),19%) -> 0.19 | V37: 679.98 | W37: 83.5 | X37: 10 | Y37: 0.15 | Z37: 679.98 | AA37: 83.5 | AB37: 10 | AC37: 0.15
A38: XAGREM1690037K | B38: https://www.mercadolivre.com.br/armario-de-cozinha-madesa-emilly-box-balco-e-aereo-vidro-cor-rusticpreto/p/MLB29668305?pdp_filters=seller_id%3A618210172#polycard_client=search-nordic&wid=MLB3813023113&sid=search&searchVariation=MLB29668305&position=1&search_layout=grid&type=product&tracking_id=2f0972c4-af13-437c-aee5-cae9f30863fa | C38: https://www.mercadolivre.com.br/armario-de-cozinha-madesa-emilly-box-balco-e-aereo-vidro-cor-rusticpreto/p/MLB29668305?pdp_filters=official_store%3A869#polycard_client=search-nordic&wid=MLB3813022307&sid=search&searchVariation=MLB29668305&position=1&search_layout=grid&type=product&tracking_id=3d39975c-39dc-4fdb-a16a-6f6d5c5a8256 | D38: Armário de Cozinha Completa 169cm Rustic/Preto Emilly Box Madesa 03 | E38: WEB - MELI | I38: =IF(SUMIFS(Negociados!C:C,Negociados!B:B,F38,Negociados!A:A,A38,Negociados!D:D,"<="&$F$1,Negociados!E:E,">="&$F$1),SUMIFS(Negociados!C:C,Negociados!B:B,F38,Negociados!A:A,A38,Negociados!D:D,"<="&$F$1,Negociados!E:E,">="&$F$1),19%) -> 0.19 | M38: =IF(SUMIFS(Negociados!C:C,Negociados!B:B,J38,Negociados!A:A,A38,Negociados!D:D,"<="&$F$1,Negociados!E:E,">="&$F$1),SUMIFS(Negociados!C:C,Negociados!B:B,J38,Negociados!A:A,A38,Negociados!D:D,"<="&$F$1,Negociados!E:E,">="&$F$1),19%) -> 0.19 | N38: 899.98 | O38: Grátis | P38: 6 | Q38: 0.15 | U38: =IF(SUMIFS(Negociados!K:K,Negociados!J:J,R38,Negociados!I:I,I38,Negociados!L:L,"<="&$F$1,Negociados!M:M,">="&$F$1),SUMIFS(Negociados!K:K,Negociados!J:J,R38,Negociados!I:I,I38,Negociados!L:L,"<="&$F$1,Negociados!M:M,">="&$F$1),19%) -> 0.19 | V38: 919.98 | W38: 68.3 | X38: 10 | Y38: 0.15 | Z38: 919.98 | AA38: 68.3 | AB38: 10 | AC38: 0.15
A39: 1094091ECP | B39: https://www.mercadolivre.com.br/guarda-roupa-madesa-denver-2-portas-correr-espelho-com-pes-cor-branco/p/MLB27711890?pdp_filters=seller_id%3A618210172#polycard_client=search-nordic&wid=MLB4992102314&sid=search&searchVariation=MLB27711890&position=1&search_layout=grid&type=product&tracking_id=7eaea022-0a9b-403a-a143-ca87d03918a8 | C39: https://www.mercadolivre.com.br/guarda-roupa-madesa-denver-2-portas-correr-espelho-com-pes-cor-branco/p/MLB27711890?pdp_filters=official_store%3A869#polycard_client=search-nordic&wid=MLB5031039918&sid=search&searchVariation=MLB27711890&position=1&search_layout=grid&type=product&tracking_id=6094e1f8-6ff8-418b-8636-290342d8b36f | D39: Guarda-Roupa Solteiro Madesa Denver 2 Portas de Correr com Espelho com Pés Branco | E39: WEB - MELI | I39: =IF(SUMIFS(Negociados!C:C,Negociados!B:B,F39,Negociados!A:A,A39,Negociados!D:D,"<="&$F$1,Negociados!E:E,">="&$F$1),SUMIFS(Negociados!C:C,Negociados!B:B,F39,Negociados!A:A,A39,Negociados!D:D,"<="&$F$1,Negociados!E:E,">="&$F$1),19%) -> 0.19 | M39: =IF(SUMIFS(Negociados!C:C,Negociados!B:B,J39,Negociados!A:A,A39,Negociados!D:D,"<="&$F$1,Negociados!E:E,">="&$F$1),SUMIFS(Negociados!C:C,Negociados!B:B,J39,Negociados!A:A,A39,Negociados!D:D,"<="&$F$1,Negociados!E:E,">="&$F$1),19%) -> 0.19 | N39: 829.98 | O39: Grátis | P39: 6 | Q39: 0.15 | U39: =IF(SUMIFS(Negociados!K:K,Negociados!J:J,R39,Negociados!I:I,I39,Negociados!L:L,"<="&$F$1,Negociados!M:M,">="&$F$1),SUMIFS(Negociados!K:K,Negociados!J:J,R39,Negociados!I:I,I39,Negociados!L:L,"<="&$F$1,Negociados!M:M,">="&$F$1),19%) -> 0.19 | V39: 819.98 | W39: 66.3 | X39: 10 | Y39: 0.15 | Z39: 819.98 | AA39: 66.3 | AB39: 10 | AC39: 0.15
A40: MDJA0400505ZPER | B40: NÃO CADASTRADO | C40: https://www.mercadolivre.com.br/sala-de-jantar-maya-madesa-mesa-tampo-vidro-4-cadeiras-rpe-cor-rusticperola/p/MLB23205322?pdp_filters=official_store%3A869#polycard_client=search-nordic&wid=MLB4354210404&sid=search&searchVariation=MLB23205322&position=1&search_layout=grid&type=product&tracking_id=45e46b1c-6cee-4c0d-8733-92de7a7ec272 | D40: Conjunto Sala de Jantar Madesa Maya Mesa Tampo de Vidro com 4 Cadeiras - Rustic/Pérola | E40: WEB - MELI | I40: =IF(SUMIFS(Negociados!C:C,Negociados!B:B,F40,Negociados!A:A,A40,Negociados!D:D,"<="&$F$1,Negociados!E:E,">="&$F$1),SUMIFS(Negociados!C:C,Negociados!B:B,F40,Negociados!A:A,A40,Negociados!D:D,"<="&$F$1,Negociados!E:E,">="&$F$1),19%) -> 0.19 | M40: =IF(SUMIFS(Negociados!C:C,Negociados!B:B,J40,Negociados!A:A,A40,Negociados!D:D,"<="&$F$1,Negociados!E:E,">="&$F$1),SUMIFS(Negociados!C:C,Negociados!B:B,J40,Negociados!A:A,A40,Negociados!D:D,"<="&$F$1,Negociados!E:E,">="&$F$1),19%) -> 0.19 | Q40: 0.19 | U40: =IF(SUMIFS(Negociados!K:K,Negociados!J:J,R40,Negociados!I:I,I40,Negociados!L:L,"<="&$F$1,Negociados!M:M,">="&$F$1),SUMIFS(Negociados!K:K,Negociados!J:J,R40,Negociados!I:I,I40,Negociados!L:L,"<="&$F$1,Negociados!M:M,">="&$F$1),19%) -> 0.19 | V40: 0 | W40: 0 | X40: 0 | Y40: 0.19 | Z40: 559.98 | AA40: 81.1 | AB40: 10 | AC40: 0.15
A41: GREM1370037K | B41: https://www.mercadolivre.com.br/cozinha-compacta-madesa-emilly-gold-c-arma-balco-panelei-rp-cor-rusticpreto/p/MLB29699236?pdp_filters=seller_id%3A618210172#polycard_client=search-nordic&wid=MLB3813191219&sid=search&searchVariation=MLB29699236&position=1&search_layout=grid&type=product&tracking_id=a431ffb8-1e4c-4d3c-b98e-69b0d9984b2e | C41: https://www.mercadolivre.com.br/cozinha-compacta-madesa-emilly-gold-c-arma-balco-panelei-rp-cor-rusticpreto/p/MLB29699236?pdp_filters=official_store%3A869#polycard_client=search-nordic&wid=MLB3813140259&sid=search&searchVariation=MLB29699236&position=1&search_layout=grid&type=product&tracking_id=c6148a9c-d15b-4a63-9935-1e23dea82124 | D41: Armário de Cozinha Compacta 137cm Rustic/Preto Emilly Gold Madesa 03 | E41: WEB - MELI | I41: =IF(SUMIFS(Negociados!C:C,Negociados!B:B,F41,Negociados!A:A,A41,Negociados!D:D,"<="&$F$1,Negociados!E:E,">="&$F$1),SUMIFS(Negociados!C:C,Negociados!B:B,F41,Negociados!A:A,A41,Negociados!D:D,"<="&$F$1,Negociados!E:E,">="&$F$1),19%) -> 0.19 | M41: =IF(SUMIFS(Negociados!C:C,Negociados!B:B,J41,Negociados!A:A,A41,Negociados!D:D,"<="&$F$1,Negociados!E:E,">="&$F$1),SUMIFS(Negociados!C:C,Negociados!B:B,J41,Negociados!A:A,A41,Negociados!D:D,"<="&$F$1,Negociados!E:E,">="&$F$1),19%) -> 0.19 | N41: 779.98 | O41: Grátis | P41: 6 | Q41: 0.15 | U41: =IF(SUMIFS(Negociados!K:K,Negociados!J:J,R41,Negociados!I:I,I41,Negociados!L:L,"<="&$F$1,Negociados!M:M,">="&$F$1),SUMIFS(Negociados!K:K,Negociados!J:J,R41,Negociados!I:I,I41,Negociados!L:L,"<="&$F$1,Negociados!M:M,">="&$F$1),19%) -> 0.19 | V41: 829.98 | W41: 66.5 | X41: 10 | Y41: 0.15 | Z41: 829.98 | AA41: 66.5 | AB41: 10 | AC41: 0.15

Sheet Negociados
A1: SKU | B1: PREÇO NEGOCIADO | C1: REDUÇÃO PARA | D1: DIA INICIO | E1: DIA FINAL | F1: NEGOCIAÇÃO
A2: MDMU01000349 | B2: 469.96 | C2: 0.06 | D2: 45962 | E2: 45991.999 | F2: WEB (VIA)
A3: MDFC0100096E | B3: 499.96 | C3: 0.06 | D3: 45962 | E3: 45991.999 | F3: WEB (VIA)
A4: GRGT2350027K | B4: 829.96 | C4: 0.06 | D4: 45962 | E4: 45991.999 | F4: WEB (VIA)
A5: GREM2610027K | B5: 879.96 | C5: 0.06 | D5: 45962 | E5: 45991.999 | F5: WEB (VIA)
A6: MDJA0401827KOXF | B6: 789.96 | C6: 0.06 | D6: 45962 | E6: 45991.999 | F6: WEB (VIA)
A7: 10936E1E | B7: 829.96 | C7: 0.06 | D7: 45962 | E7: 45991.999 | F7: WEB (VIA)
A8: MDJA0400027KPT | B8: 589.96 | C8: 0.06 | D8: 45962 | E8: 45991.999 | F8: WEB (VIA)
A9: GREM32500209 | B9: 1149.96 | C9: 0.06 | D9: 45962 | E9: 45991.999 | F9: WEB (VIA)
A10: MDJA0600437GPER | B10: 739.96 | C10: 0.06 | D10: 45962 | E10: 45991.999 | F10: WEB (VIA)
A11: 044805ZXTFLH | B11: 739.96 | C11: 0.06 | D11: 45962 | E11: 45991.999 | F11: WEB (VIA)
A12: 044825ZXTFBM | B12: 639.96 | C12: 0.06 | D12: 45962 | E12: 45991.999 | F12: WEB (VIA)
A13: 044825ZXTFLH | B13: 639.96 | C13: 0.06 | D13: 45962 | E13: 45991.999 | F13: WEB (VIA)
... A4681: GRGL2700166E | B4681: 2699.92 | C4681: 0.17 | D4681: 45962 | E4681: 45991.999 | F4681: DEMAIS

Sheet CARREFOUR
A1: SKU | B1: COD | C1: DESCRIÇÃO | D1: NEGOCIAÇÃO | E1: COMISSÃO 19% | F1: COMISSÃO 17% | G1: COMISSÃO 15% | H1: COMISSÃO 12%
A2: 6990131 | B2: MKP000631003458 | C2: Estante Escada para Livros com 4 Prateleiras Madesa Preto | D2: WEB - CARREFOUR | E2: 239.99 | F2: 209.93 | G2: 209.93 | H2: 199.93 | I2: =VLOOKUP(A2,'[1]WEB - SITE'!$A:$T,9,0) -> 219.92
A3: 045667GX4TFBM | B3: MKP000631000039 | C3: Conjunto Sala de Jantar Madesa Cíntia Mesa Tampo de Madeira com 4 Cadeiras Rustic/Crema/Bege Marrom | D3: WEB - CARREFOUR | E3: 639.99 | F3: 559.93 | G3: 549.93 | H3: 529.93 | I3: =VLOOKUP(A3,'[1]WEB - SITE'!$A:$T,9,0) -> 569.99
A4: Mdja0400027kpt | B4: MKP000631003480 | C4: Conjunto Sala de Jantar Madesa Cali Mesa Tampo de Madeira com 4 Cadeiras Rustic/Preto/Sintético Preto | D4: WEB - CARREFOUR | E4: 719.99 | F4: 629.93 | G4: 619.93 | H4: 599.93 | I4: =VLOOKUP(A4,'[1]WEB - SITE'!$A:$T,9,0) -> 629.92
A5: GREM2290037K | B5: MKP000631000381 | C5: Armário de Cozinha Completa 229cm Rustic/Preto Emilly Fit Madesa 03 | D5: WEB - CARREFOUR | E5: 929.99 | F5: 809.93 | G5: 799.93 | H5: 769.93 | I5: =VLOOKUP(A5,'[1]WEB - SITE'!$A:$T,9,0) -> 819.92
A6: GRSM120001A9 | B6: MKP000631001783 | C6: Armário de Cozinha Compacta 100% MDF 120 cm Branco/Rustic/Crema Smart Madesa 01 | D6: WEB - CARREFOUR | E6: 1009.99 | F6: 879.93 | G6: 859.93 | H6: 829.93 | I6: =VLOOKUP(A6,'[1]WEB - SITE'!$A:$T,9,0) -> 879.92
A7: Grgl12000209 | B7: MKP000631003781 | C7: Armário de Cozinha Compacta 120cm Branco Glamy Madesa 02 | D7: WEB - CARREFOUR | E7: 1289.99 | F7: 1129.93 | G7: 1109.93 | H7: 1069.93 | I7: =VLOOKUP(A7,'[1]WEB - SITE'!$A:$T,9,0) -> 1129.92
A8: 1093h92E | B8: MKP000631004578 | C8: Guarda-Roupa Casal Madesa Mônaco 3 Portas de Correr com Espelhos Preto/Cinza | D8: WEB - CARREFOUR | E8: 1329.99 | F8: 1159.93 | G8: 1139.93 | H8: 1099.93 | I8: =VLOOKUP(A8,'[1]WEB - SITE'!$A:$T,9,0) -> 1159.92
A9: 10935Z2E | B9: MKP000631001854 | C9: Guarda-Roupa Casal Madesa Mônaco 3 Portas de Correr com Espelhos Rustic | D9: WEB - CARREFOUR | E9: 1329.99 | F9: 1159.93 | G9: 1139.93 | H9: 1099.93 | I9: =VLOOKUP(A9,'[1]WEB - SITE'!$A:$T,9,0) -> 1159.92
A10: 1093092E | B10: MKP000631001857 | C10: Guarda-Roupa Casal Madesa Mônaco 3 Portas de Correr com Espelhos Branco | D10: WEB - CARREFOUR | E10: 1329.99 | F10: 1159.93 | G10: 1139.93 | H10: 1099.93 | I10: =VLOOKUP(A10,'[1]WEB - SITE'!$A:$T,9,0) -> 1159.92
A11: XA10945Z2E4G | B11: MKP000631001605 | C11: Guarda-Roupa Infantil Madesa Theo 2 Portas de Correr de Espelho 4 Gavetas Rustic | D11: WEB - CARREFOUR | E11: 1379.99 | F11: 1209.93 | G11: 1189.93 | H11: 1149.93 | I11: =VLOOKUP(A11,'[1]WEB - SITE'!$A:$T,9,0) -> 1199.92
A12: 10945Z2E4G | B12: MKP000631000776 | C12: Guarda-Roupa Solteiro Madesa Dallas Plus 2 Portas de Correr de Espelho 4 Gavetas Rustic | D12: WEB - CARREFOUR | E12: 1379.99 | F12: 1209.93 | G12: 1189.93 | H12: 1149.93 | I12: =VLOOKUP(A12,'[1]WEB - SITE'!$A:$T,9,0) -> 1199.92
A13: MDJA0401066ESIM | B13: MKP000631003209 | C13: Conjunto Sala de Jantar Madesa Sabrina Mesa Tampo de Vidro com 4 Cadeiras Rustic/Branco/Imperial | D13: WEB - CARREFOUR | E13: 1649.99 | F13: 1439.93 | G13: 1419.93 | H13: 1369.93 | I13: =VLOOKUP(A13,'[1]WEB - SITE'!$A:$T,9,0) -> 1369.99
... A16: 10639B | B16: MKP000631000990 | C16: Guarda-Roupa Casal 100% MDF Madesa Royale 3 Portas de Correr Branco/Rustic | D16: WEB - CARREFOUR | E16: 2259.99 | F16: 1979.93 | G16: 1939.93 | H16: 1879.993 | I16: =VLOOKUP(A16,'[1]WEB - SITE'!$A:$T,9,0) -> 1959.92

Sheet SITE WEB
A1: SKU | B1: CÓDIGO | C1: DESCRIÇÃO | D1: NEGOCIAÇÃO | E1: COMISSÃO 19% | F1: COMISSÃO 17% | G1: COMISSÃO 15% | H1: COMISSÃO 12%
A2: G2560009GL | B2: MKP000631000003 | C2: Armário Aéreo Madesa Glamy 60 cm 1 Porta Branco | D2: WEB - SITE | E2: 349.99 | F2: 299.95 | G2: 289.95 | H2: 279.95
A3: MDES02000609 | B3: MKP000631000164 | C3: Rack Madesa Oslo e Painel para TV até 55 Polegadas 2 Portas Branco | D3: WEB - SITE | E3: 479.99 | F3: 419.95 | G3: 419.95 | H3: 399.95
A4: 6002091CPC | B4: MKP000631000168 | C4: Rack para TV até 65 Polegadas Madesa Londres com Pés Retro Branco | D4: WEB - SITE | E4: 479.99 | F4: 419.95 | G4: 419.95 | H4: 399.95
A5: 70035Z1 | B5: MKP000631000075 | C5: Rack com Painel para TV até 65 Polegadas Rustic Miami Madesa 1 Porta | D5: WEB - SITE | E5: 559.99 | F5: 489.95 | G5: 479.95 | H5: 459.95
A6: 42905Z6XTPT | B6: MKP000631003154 | C6: Kit 6 Cadeiras 4290 Madesa Rustic/Sintético Preto | D6: WEB - SITE | E6: 589.99 | F6: 509.95 | G6: 499.95 | H6: 479.95
A7: MDES0200029B5Z | B7: MKP000631000161 | C7: Rack Madesa Metz e Painel para TV até 55 Polegadas Branco/Rustic/Rustic | D7: WEB - SITE | E7: 609.99 | F7: 529.95 | G7: 519.95 | H7: 499.95
A8: MDES0200029B | B8: MKP000631000162 | C8: Rack Madesa Metz e Painel para TV até 55 Polegadas Branco/Rustic | D8: WEB - SITE | E8: 609.99 | F8: 529.95 | G8: 519.95 | H8: 499.95
A9: 70035Z1-1E | B9: MKP000631000526 | C9: Rack com Painel para TV até 65 Polegadas Madesa London 1 Porta com Espelho Rustic | D9: WEB - SITE | E9: 629.99 | F9: 549.95 | G9: 539.95 | H9: 519.95
A10: 7003091-1E | B10: MKP000631000525 | C10: Rack com Painel para TV até 65 Polegadas Madesa London 1 Porta com Espelho Branco | D10: WEB - SITE | E10: 629.99 | F10: 549.95 | G10: 539.95 | H10: 519.95
A11: MDES0200238N8N | B11: MKP000631001537 | C11: Rack Madesa Cancun e Painel para TV até 65 Polegadas Preto | D11: WEB - SITE | E11: 639.99 | F11: 559.95 | G11: 549.95 | H11: 529.95
A12: MDES0200148ND8 | B12: MKP000631001558 | C12: Rack Madesa Dubai e Painel para TV até 65 Polegadas com Pés Preto/Rustic 8ND8 | D12: WEB - SITE | E12: 689.99 | F12: 599.95 | G12: 589.95 | H12: 569.95
A13: MDJA0400505ZLIB | B13: MKP000631001552 | C13: Conjunto Sala de Jantar Madesa Maya Mesa Tampo de Vidro com 4 Cadeiras Rustic/Lírio Bege | D13: WEB - SITE | E13: 719.99 | F13: 629.95 | G13: 619.95 | H13: 599.95
... A31: GCGM3890029B | B31: MKP000631004304 | C31: Armário de Cozinha Completa de Canto 100% MDF 389cm Branco/Rustic Acordes Madesa 02 | D31: WEB - SITE | E31: 3189.99 | F31: 2789.95 | G31: 2729.95 | H31: 2649.95
